combo,freq
dad,571
man,496
friend,453
girlfriend,439
woman,402
girl,401
wife,390
knock,313
life,312
bar,285
sex,277
person,259
year,237
dog,220
kid,220
number,206
word,201
food,190
clock,174
doctor,172
reddit,165
shit,159
leg,159
baby,157
car,148
question,148
cat,145
mom,144
atom,139
dick,139
hand,137
eye,136
offender,134
child,126
punchline,124
penis,121
vegan,119
comedian,117
horse,116
difference,111
alzheimer,111
pun,110
tree,106
problem,104
world,104
hair,103
pizza,103
bicycle,102
parent,101
sodium,99
jesus,98
date,97
boomerang,97
pirate,94
bed,93
funeral,93
pencil,93
cow,91
redditor,90
egg,90
letter,88
god,88
hitler,88
movie,88
travel,87
phone,87
period,84
coffee,84
lot,84
stair,83
ocean,83
prostitute,82
bike,82
type,81
paint,81
boss,80
ball,80
night,80
soap,79
doll,78
bear,78
stick,78
post,77
earth,77
dwarf,77
haircut,76
door,74
wanna,73
iphone,72
fish,72
relationship,71
belt,71
poem,70
plane,70
dinosaur,69
window,67
melon,67
water,67
mama,67
midget,67
glass,66
condom,66
money,66
middle,66
communism,66
job,66
face,65
bird,65
son,65
yesterday,65
dentist,64
drug,64
line,64
chicken,64
beard,63
elephant,63
father,62
paper,62
subreddit,62
numeral,62
clickbait,62
book,61
bulb,61
fight,61
sense,61
construction,61
frog,61
math,61
ghost,59
head,59
idiot,58
duck,58
reason,58
repost,58
body,58
computer,57
lightbulb,57
asshole,57
dollar,57
fuck,57
meal,57
house,55
sub,55
kidnapping,55
lady,55
mirror,55
love,55
rabbit,55
game,54
hell,54
light,54
battery,54
juan,54
language,54
lawyer,54
baseball,53
kind,53
banana,53
mother,53
nose,52
cheese,52
beer,52
scale,52
clown,51
rock,51
work,51
morning,51
chemistry,51
internet,50
cop,50
watch,50
earther,50
bee,50
pedophile,50
sentence,49
comment,49
fruit,49
thesaurus,49
root,49
fart,49
ass,48
school,48
opposite,48
dark,48
dream,48
cannibal,47
pussy,47
teacher,47
cocaine,47
umbrella,46
toilet,46
month,46
apple,46
boyfriend,45
mind,45
chemist,45
gym,45
self,45
shoe,45
butt,44
porn,44
orange,43
jew,43
weight,43
thank,43
party,43
frisbee,43
trump,42
pant,42
kleptomaniac,42
mistake,41
title,41
potato,41
wheelchair,41
arm,41
abortion,41
circle,40
point,40
hole,40
trap,40
finger,40
calendar,40
shower,40
christmas,40
password,40
owl,40
german,40
rape,40
society,39
week,39
president,39
muslim,39
animal,39
birthday,39
hour,38
alcohol,38
vampire,38
tomorrow,38
coffin,38
boy,37
divorce,37
feminist,37
therapist,37
fun,37
memory,37
sun,37
poop,37
direction,36
vacuum,36
cemetery,36
knee,36
cancer,36
twitter,36
procrastination,35
brain,35
santa,35
gravity,35
coronavirus,35
chick,35
hormone,35
suicide,35
age,34
mod,34
yoda,34
politician,34
music,34
minute,34
nut,34
skydiving,34
scientist,34
cake,33
shoulder,33
bread,33
feeling,32
gun,32
priest,32
history,32
sound,32
police,32
picture,32
story,32
blood,32
basketball,31
tweet,31
vegetable,31
facebook,31
balloon,31
amnesia,31
humor,31
foot,31
list,31
stripe,31
secret,30
butter,30
momma,30
beach,30
answer,30
bathroom,30
racist,30
electrician,30
parrot,30
dinner,30
drink,29
antidepressant,29
weed,29
news,29
bus,29
conversation,29
grape,29
family,29
ear,29
pilot,29
officer,28
country,28
isis,28
autocorrect,28
whiteboard,28
liner,28
friday,28
erection,28
daughter,28
musician,28
mountain,28
english,27
space,27
choice,27
virgin,27
tomato,27
room,27
test,27
mime,27
future,27
boob,27
alphabet,27
mathematician,27
magnet,27
bit,27
chef,27
unemployment,27
calculator,27
pokemon,27
race,26
meat,26
clothe,26
steak,26
marriage,26
group,26
atlantic,26
inch,26
couple,26
stuff,26
machine,26
train,26
turkey,26
hipster,26
shirt,26
place,25
funniest,25
mexican,25
cum,25
virginity,25
diarrhea,25
viagra,25
neighbor,25
bill,25
control,25
ebola,25
plant,25
jail,25
meme,25
end,25
grandma,25
road,25
zombie,25
fan,25
terrorist,25
prison,25
twin,25
home,24
moment,24
class,24
microwave,24
brother,24
milk,24
death,24
blowjob,24
floor,24
traffic,24
college,24
sheep,24
blonde,24
status,23
crush,23
couch,23
restaurant,23
snake,23
orgy,23
half,23
mosquito,23
advice,23
rule,23
cold,23
exorcist,23
idea,23
human,23
braille,23
fire,23
alcoholic,23
testicle,23
china,23
soviet,23
attention,23
chromosome,23
captain,23
text,23
bomb,23
dishwasher,22
witch,22
kiss,22
diet,22
song,22
ignorance,22
grammar,22
elevator,22
medium,22
boner,22
husband,22
government,22
pill,22
karma,22
gold,22
boat,22
pound,22
mushroom,21
narcissist,21
astronaut,21
step,21
hooker,21
thought,21
depression,21
closet,21
stoner,21
plate,21
gas,21
cruise,21
opinion,21
airplane,21
onion,21
aid,21
circumcision,21
ice,21
marathon,20
fact,20
gum,20
lesbian,20
fence,20
chair,20
sister,20
smoking,20
election,20
vegetarian,20
bait,20
page,20
americans,20
wolf,20
sandwich,20
itheberg,20
right,20
rapper,20
lie,20
color,19
philosopher,19
stephen,19
knife,19
wind,19
chance,19
roommate,19
spine,19
chimney,19
valentine,19
communist,19
ejaculation,19
wall,19
killer,19
gay,19
masturbation,19
graveyard,19
partner,19
war,19
chameleon,19
halloween,19
moon,19
voice,18
jews,18
daniel,18
wood,18
brexit,18
algebra,18
programmer,18
paedophile,18
bra,18
sleep,18
kleptomania,18
spider,18
opener,18
bean,18
button,18
panda,18
sign,18
weather,18
nun,18
parachute,18
skeleton,18
pancake,18
toaster,18
street,18
casket,18
buddy,18
canada,18
nsfw,18
procrastinator,17
table,17
band,17
oven,17
psychiatrist,17
gender,17
robot,17
science,17
bitch,17
america,17
nap,17
seatbelt,17
remote,17
chiropractor,17
epileptic,17
happiness,17
accountant,17
dyslexia,17
jacket,17
store,17
tooth,17
stool,17
truck,17
evil,17
hat,17
box,17
udp,17
waiter,17
pope,17
roman,17
whale,17
liar,17
tombstone,17
colony,17
purple,17
ceiling,17
order,17
artist,17
motorcycle,17
ocd,16
cent,16
ant,16
obama,16
eagle,16
potassium,16
soda,16
hospital,16
star,16
app,16
pooh,16
second,16
factory,16
snow,16
cousin,16
trumpet,16
mouse,16
dial,16
fridge,16
depressant,16
team,16
candle,16
mouth,16
vision,16
wedding,16
wallet,16
content,16
grandpa,16
mum,16
ramadan,15
xbox,15
trouble,15
quarantine,15
walk,15
upvote,15
redneck,15
canadian,15
heart,15
rope,15
excuse,15
photon,15
muffin,15
accident,15
feminism,15
lobster,15
monster,15
flower,15
tire,15
rex,15
pet,15
bullet,15
penny,15
grandfather,15
pig,15
statistic,15
hiv,15
amputee,15
dude,15
pasta,15
truth,15
disappointment,15
character,15
ninja,15
nickel,15
marijuana,14
tip,14
puppy,14
religion,14
rain,14
note,14
broom,14
personality,14
anne,14
fear,14
murder,14
nazi,14
roulette,14
timing,14
cigarette,14
aim,14
universe,14
luck,14
archery,14
laugh,14
statistician,14
seat,14
element,14
sock,14
church,14
explosion,14
system,14
bag,14
argument,14
chickpea,14
office,14
necrophiliac,13
trash,13
vodka,13
sniper,13
google,13
winter,13
turtle,13
toe,13
study,13
irrelephant,13
dysfunction,13
tongue,13
homework,13
fly,13
city,13
camping,13
business,13
necrophilia,13
porno,13
dubstep,13
attack,13
laundry,13
tea,13
american,13
french,13
ithberg,13
nostalgia,13
state,13
weekend,13
degree,13
mario,13
watermelon,13
lol,13
adam,13
incest,13
june,13
schizophrenia,13
grass,13
shame,13
donald,13
taste,13
tent,12
guitar,12
plan,12
batman,12
atheist,12
disease,12
pigeon,12
club,12
crab,12
judge,12
farmer,12
tank,12
salad,12
position,12
wine,12
dementia,12
tifu,12
dime,12
chocolate,12
formation,12
army,12
coworker,12
sport,12
driver,12
suspense,12
video,12
california,12
bombing,12
piano,12
tendency,12
spaceship,12
comedy,12
std,12
riot,12
giraffe,12
key,12
france,12
experience,12
fraction,12
grave,12
thano,12
psychologist,12
irony,12
infinity,12
ground,12
eyebrow,12
thread,12
colon,12
angle,12
wifi,12
exam,12
hurdle,12
breath,12
corner,12
deja,12
rapist,12
competition,12
smith,12
shot,12
heaven,12
jean,12
wonderwall,12
pool,12
border,12
summer,12
australian,11
sunglass,11
salt,11
putin,11
spoiler,11
clothing,11
example,11
constipation,11
optimist,11
oklahoma,11
credit,11
underwear,11
lion,11
park,11
alabama,11
hypochondriac,11
grade,11
humour,11
value,11
fisherman,11
kkk,11
board,11
aspirin,11
teenager,11
bullshit,11
envelope,11
ring,11
lumberjack,11
nihilism,11
penguin,11
lunch,11
deer,11
fault,11
fuckline,11
corn,11
pornstar,11
king,11
poo,11
pillow,11
tumor,11
groundhog,11
company,11
opportunity,11
site,11
gps,11
rest,11
sailor,11
gamer,11
pie,11
asians,11
anal,11
joker,11
arab,11
icebreaker,11
shadow,11
change,10
wish,10
meeting,10
fibonacci,10
suck,10
unicorn,10
electron,10
mustache,10
opticians,10
debt,10
noose,10
britain,10
monk,10
lover,10
frequency,10
film,10
nirvana,10
monday,10
bolt,10
fool,10
pony,10
millennial,10
typo,10
bagel,10
photo,10
worker,10
pronoun,10
message,10
whore,10
art,10
recursion,10
honey,10
amazon,10
slave,10
slut,10
definition,10
octopus,10
australia,10
flag,10
muscle,10
hindsight,10
prince,10
security,10
cell,10
cowboy,10
bubblegum,10
siri,10
racism,10
row,10
user,10
camouflage,10
magician,10
programming,10
leech,10
lava,10
pterodactyl,10
look,10
bacon,10
taco,10
burglar,10
olympic,10
saying,10
optometrist,10
name,10
bible,10
mrs,10
ego,10
booger,10
engineer,10
peanut,10
demon,10
baker,10
stomach,10
stripper,10
selfie,10
energy,10
bull,10
temperature,10
insect,10
bass,10
cliffhanger,10
surgery,10
masseuse,10
brick,10
mouthwash,10
adult,10
building,10
ruler,9
canoe,9
traveler,9
phrase,9
camera,9
russian,9
football,9
russia,9
politic,9
power,9
orgasm,9
hammer,9
bush,9
river,9
eskimo,9
silence,9
electricity,9
panther,9
shark,9
fetish,9
apartment,9
snowflake,9
tiger,9
lemon,9
soup,9
uncle,9
air,9
knot,9
spirit,9
keyboard,9
situation,9
bob,9
snowman,9
matter,9
debate,9
hurricane,9
sea,9
hairdresser,9
stalker,9
inquisition,9
blue,9
article,9
snail,9
teapot,9
goose,9
crime,9
procrastinating,9
muffler,9
piece,9
lamp,9
cheesy,9
suit,9
bridge,9
paul,9
cause,9
cloud,9
help,9
reality,9
alien,9
holiday,9
success,9
youtube,9
lightning,9
anxiety,9
axe,9
philosophy,9
decision,9
murderer,9
driving,9
velcro,9
sperm,9
everyday,9
insult,9
victim,9
metaphor,9
riposte,9
supremacist,9
arkansa,9
dozen,9
knight,9
taxis,9
court,9
email,9
innuendo,9
mattress,9
subway,9
card,9
stand,9
black,9
lisp,9
cooky,8
calculus,8
pervert,8
sequel,8
count,8
driveway,8
chin,8
shrimp,8
mcdonald,8
break,8
spy,8
hug,8
sarcasm,8
vitamin,8
staircase,8
angel,8
stalin,8
lpt,8
straw,8
link,8
guess,8
dance,8
triangle,8
pen,8
sky,8
tit,8
island,8
librarian,8
website,8
library,8
public,8
squirrel,8
identity,8
fry,8
ark,8
talk,8
shampoo,8
instagram,8
prisoner,8
record,8
doughnut,8
abacus,8
lip,8
barber,8
blanket,8
imagination,8
asian,8
charity,8
crap,8
sugar,8
translation,8
volcano,8
sale,8
firework,8
united,8
omg,8
mamma,8
massage,8
schumer,8
satisfactory,8
cripple,8
stranger,8
green,8
switch,8
waitress,8
zebra,8
burrito,8
psychopath,8
texas,8
employee,8
apostrophe,8
dolphin,8
italian,8
ambulance,8
wizard,8
expectation,8
bunch,8
iran,8
painting,8
event,8
area,8
radio,8
hitchhiker,8
earthquake,8
kidney,8
donkey,8
tornado,8
golf,8
appointment,8
superpower,8
reverse,8
butterfly,8
introvert,8
meditation,8
solipsism,8
dragon,8
photographer,8
moderator,8
ton,8
monkey,8
playstation,8
bro,8
carrot,8
croc,8
threesome,8
moron,8
itheburg,7
liquor,7
africa,7
wrong,7
escalator,7
need,7
blindfold,7
dildo,7
mute,7
rose,7
stud,7
refrigerator,7
size,7
heroin,7
goat,7
deodorant,7
masturbator,7
pole,7
holocaust,7
exercise,7
tailor,7
frank,7
quarter,7
mailman,7
weirdo,7
swedener,7
guitarist,7
lane,7
ship,7
server,7
pickle,7
dish,7
award,7
generalization,7
nail,7
reference,7
ninjas,7
model,7
shop,7
drive,7
das,7
devil,7
nurse,7
cliff,7
version,7
accent,7
grandmother,7
retard,7
lake,7
ability,7
congratulation,7
palindrome,7
mayweather,7
restroom,7
censorship,7
anonymous,7
actor,7
spreadsheet,7
statue,7
hypocrite,7
movie'constipation,7
february,7
disorder,7
taxi,7
wham,7
relative,7
mass,7
allergy,7
wave,7
taser,7
90,7
cracker,7
sloth,7
lizard,7
lettuce,7
exorcism,7
planet,7
album,7
vaxxer,7
commercial,7
haha,7
fog,7
printer,7
skunk,7
geese,7
standard,7
masturbating,7
camel,7
trainer,7
hurry,7
hotdog,7
wonder,7
sunday,7
noise,7
military,7
mile,7
audience,7
convention,7
swimmer,7
television,7
canadians,7
mufasa,7
oui'd,7
delorean,7
string,7
popcorn,7
compliment,7
base,7
vagina,7
bartender,7
dave,7
irishman,7
van,7
account,7
neutrality,7
buck,7
dough,7
paraplegic,7
dalmatian,7
crowd,7
cashier,7
subject,7
medicine,7
denial,7
emotion,7
giveaway,7
helium,7
mail,7
customer,7
homophone,7
redhead,7
pain,7
clone,7
thumb,7
vasectomy,7
gynecologist,7
harvard,7
mary,7
existence,7
toad,7
hood,7
coke,7
thief,7
cape,7
deal,7
jack,7
emergency,7
ford,7
firefighter,7
proof,7
bucket,7
sword,7
finland,7
cheetah,6
liver,6
addiction,6
handjob,6
mall,6
waffle,6
spoon,6
november,6
moderation,6
poster,6
janitor,6
weapon,6
hearing,6
mean,6
talent,6
irs,6
bell,6
optician,6
nihilist,6
oxide,6
eli5,6
clam,6
lawn,6
composer,6
needle,6
bug,6
warning,6
caesar,6
past,6
object,6
coat,6
revenge,6
suspect,6
bunny,6
alentine,6
statement,6
werewolf,6
function,6
psychic,6
jersey,6
myspace,6
uno,6
corona,6
pharaoh,6
buffet,6
silver,6
daddy,6
llama,6
economy,6
hyperbole,6
pessimist,6
thyme,6
dumbass,6
coma,6
criminal,6
chinaman,6
ray,6
hipaa,6
nymphomaniac,6
vowel,6
anti,6
fluid,6
israel,6
eminem,6
rice,6
calorie,6
generation,6
tesla,6
parasite,6
hemorrhoid,6
tourette,6
usa,6
geometry,6
snack,6
cult,6
shape,6
tampon,6
carbon,6
vaccine,6
toothpaste,6
gangbang,6
iceberg,6
term,6
ihop,6
username,6
ipod,6
clap,6
loser,6
target,6
golfer,6
predator,6
donut,6
harambe,6
sand,6
blindness,6
spot,6
homo,6
coach,6
up,6
salesman,6
slavery,6
smell,6
european,6
maize,6
surgeon,6
footage,6
license,6
headphone,6
iraq,6
orphan,6
flight,6
beginning,6
joint,6
hero,6
blowjobs,6
cantaloupe,6
rip,6
tickle,6
oxymoron,6
measle,6
dadjoke,6
chess,6
nsa,6
paranoia,6
catholic,6
beef,6
hold,6
rodeo,6
cooking,6
tape,6
chinese,6
almond,6
japan,6
christian,6
breakfast,6
campground,6
tissue,6
cookie,6
cord,6
leftover,6
reaction,6
mayonnaise,6
law,6
ladder,6
product,6
mood,6
ipad,6
hamburger,6
bowl,5
coal,5
hide,5
gif,5
porcupine,5
reintarnation,5
apocalypse,5
horoscope,5
negative,5
wire,5
webmd,5
loan,5
yogurt,5
method,5
hummus,5
run,5
pachyderm,5
sushi,5
fall,5
syria,5
pepper,5
spaghetti,5
carpenter,5
flashlight,5
measurement,5
case,5
bank,5
gear,5
tequila,5
scorpion,5
gorilla,5
camper,5
forest,5
support,5
rooster,5
bakery,5
crisis,5
nephew,5
kfc,5
smile,5
minority,5
plug,5
sigh,5
guacamole,5
organ,5
highway,5
bmi,5
cock,5
adhd,5
reindeer,5
lottery,5
sausage,5
wanker,5
iron,5
health,5
five,5
score,5
square,5
pretzel,5
suitcase,5
disability,5
jam,5
variable,5
cunt,5
homosexual,5
play,5
population,5
stereotype,5
doorbell,5
humanity,5
good,5
toast,5
seamstress,5
leopard,5
warming,5
voicemail,5
neutrino,5
activist,5
moose,5
detail,5
herpe,5
brunette,5
policeman,5
garbage,5
solipsist,5
athlete,5
picketing,5
execution,5
hacker,5
auction,5
average,5
edit,5
birth,5
male,5
wtf,5
newspaper,5
microphone,5
saving,5
vote,5
physics,5
soldier,5
habit,5
present,5
fishing,5
cereal,5
rifle,5
october,5
dictionary,5
masochist,5
mate,5
goldfish,5
washington,5
course,5
ken,5
illiterate,5
nerd,5
bang,5
fork,5
camp,5
poker,5
towel,5
pub,5
bone,5
sunrise,5
piss,5
oil,5
treatment,5
telescope,5
parents'job,5
socialism,5
pacifist,5
wheel,5
covid-19,5
bulldozer,5
crayon,5
program,5
alligator,5
analogy,5
teen,5
fat,5
geologist,5
mark,5
arrow,5
rhino,5
violin,5
islam,5
childhood,5
mechanic,5
yellow,5
bach,5
worm,5
compass,5
honor,5
dna,5
freedom,5
cup,5
marine,5
contact,5
dirt,5
entendre,5
pork,5
cost,5
manager,5
furrie,5
recliner,5
butler,5
grill,5
anaesthetist,5
tunnel,5
cough,5
tripod,5
soul,5
emo,5
sin,5
condiment,5
billionaire,5
asthma,5
education,5
neck,5
fucking,5
nature,5
reposter,5
defibrillator,5
anthem,5
seizure,5
sink,5
drinker,5
gift,5
failure,5
being,5
fortune,5
crocodile,5
meth,5
town,5
juice,5
bodybuilder,5
counter,5
burger,5
netflix,5
tuesday,5
walmart,5
punny,5
odd,5
millenial,5
rat,5
virus,5
miscarriage,5
spanish,5
elbow,5
ad,4
dress,4
cucumber,4
lolz,4
setup,4
cremation,4
asphyxiation,4
bond,4
tourist,4
tax,4
ethiopian,4
celery,4
cosine,4
salmon,4
screen,4
copper,4
chernobyl,4
mozart,4
camo,4
noodle,4
sht,4
pepsi,4
indian,4
shift,4
follower,4
theresa,4
mathematic,4
sprinter,4
foreskin,4
behavior,4
itune,4
resolution,4
handshake,4
maker,4
snot,4
panty,4
shelf,4
incel,4
nudist,4
epstein,4
perfume,4
sidewalk,4
information,4
pothead,4
left,4
transformer,4
nickelback,4
jim,4
sociopath,4
pyramid,4
antelope,4
tommy,4
crematorium,4
prime,4
professor,4
responsibility,4
o'clock,4
location,4
movement,4
adele,4
labyrinth,4
digit,4
refugee,4
smoke,4
shitty,4
mormon,4
bacteria,4
banker,4
hay,4
cattle,4
specsaver,4
insomnia,4
brand,4
mailbox,4
season,4
screw,4
cnn,4
rihanna,4
dust,4
starbuck,4
share,4
sam,4
sack,4
jar,4
barista,4
lesson,4
code,4
ripoff,4
independence,4
sauce,4
fellow,4
autobiography,4
leather,4
nigger,4
drama,4
motto,4
catch,4
tennis,4
entropy,4
rate,4
mode,4
buddhist,4
robber,4
pin,4
proton,4
norway,4
tony,4
rap,4
noel,4
tv,4
iowa,4
show,4
condition,4
option,4
comma,4
lmao,4
rome,4
effort,4
insomniac,4
healthcare,4
grizzly,4
til,4
junk,4
challenge,4
germ,4
miss,4
mermaid,4
bet,4
pheromone,4
lifestyle,4
fungus,4
league,4
living,4
fluff,4
inability,4
ejaculator,4
cotton,4
documentary,4
menstruation,4
goal,4
coin,4
medication,4
genie,4
folk,4
gambler,4
lawnmower,4
circus,4
vehicle,4
innuendos,4
pikachu,4
sting,4
criticism,4
chloroform,4
skin,4
raman,4
cactus,4
issue,4
curry,4
submarine,4
device,4
socialist,4
porch,4
student,4
floss,4
format,4
victoria,4
village,4
gang,4
placebo,4
grandparent,4
lice,4
recycling,4
origami,4
hodor,4
vocabulary,4
princess,4
vibrator,4
brake,4
easter,4
roof,4
italy,4
med,4
cream,4
well,4
imagery,4
poet,4
sight,4
purse,4
ctrl,4
telephone,4
ankle,4
lif,4
pocket,4
boomer,4
dracula,4
aphantasia,4
joy,4
general,4
eggroll,4
dyslexic,4
sir,4
prank,4
commitment,4
alcoholism,4
namaste,4
technology,4
fedex,4
coincidence,4
postman,4
juggler,4
villain,4
distance,4
evaporation,4
counting,4
intestine,4
outfit,4
pastry,4
magic,4
fireplace,4
solution,4
pumpkin,4
tofu,4
hillary,4
hahaha,4
woooosh,4
trick,4
cannibalism,4
elf,4
titan,4
cia,4
adjective,4
redundancy,4
wing,4
rectum,4
hobo,4
september,4
pessimism,4
bio,4
scandinavian,4
alarm,4
com,4
anus,4
blackjack,4
wong,4
prague,4
integer,4
executioner,4
bb-8,4
dictator,4
acne,4
wnba,4
battle,4
error,4
bastard,4
dump,4
sharing,4
plenty,4
terminator,4
genius,4
press,4
jerk,4
subscriber,4
wart,4
microsoft,4
cab,4
paralympic,4
razor,4
cap,4
whiskey,4
match,4
geography,4
terrorism,4
laptop,4
map,4
candy,4
bitcoin,4
textable,4
adulthood,4
blind,4
turn,4
peach,4
gossip,4
spark,4
tide,4
request,4
ancestor,4
distancing,4
uranus,4
patience,4
tower,4
response,4
ape,4
fortnite,4
service,4
unit,4
theremin,4
package,4
corpse,4
ussr,4
asprin,4
hill,4
market,4
basement,4
hertz,4
motherfucker,4
pitbull,4
peace,4
cuisine,4
germans,3
skateboarder,3
decaf,3
burritos,3
trigonometry,3
section,3
fifth,3
gotye,3
headache,3
metal,3
discussion,3
laryngitis,3
darling,3
semantic,3
vine,3
smoker,3
comedium,3
red,3
korea,3
acid,3
voter,3
conscience,3
tom,3
instrument,3
flaw,3
cut,3
graduate,3
boom,3
ending,3
colin,3
nuttin,3
seagull,3
hotel,3
airport,3
worcestershire,3
dutch,3
widow,3
shade,3
painter,3
vow,3
grocery,3
palm,3
caveman,3
hue,3
charle,3
interview,3
mafia,3
kobe,3
hoarder,3
tense,3
perk,3
toothbrush,3
mystery,3
caller,3
idaho,3
stormtrooper,3
mat,3
mask,3
flame,3
digger,3
gen,3
trampoline,3
throat,3
yard,3
superhero,3
blacksmith,3
venison,3
alternative,3
emperor,3
scoliosis,3
hokey,3
immortality,3
spelling,3
try,3
irregardless,3
magazine,3
vegas,3
handwriting,3
skeptic,3
trip,3
didgeridoo,3
bisexual,3
stunt,3
thinking,3
rick,3
kneegrow,3
boxer,3
consequence,3
auto,3
hater,3
legend,3
museum,3
hate,3
curb,3
material,3
ham,3
han,3
dead,3
wan,3
midwife,3
potus,3
laziness,3
rhyme,3
logic,3
minecraft,3
frenchman,3
moral,3
standup,3
hunter,3
confusion,3
signal,3
penicillin,3
bathtub,3
john,3
kangaroo,3
attitude,3
lifeguard,3
candidate,3
lasagna,3
earthworm,3
reading,3
humility,3
zealander,3
sweater,3
flamingo,3
addict,3
aquarium,3
ceasar,3
nomad,3
ink,3
shoelace,3
rainbow,3
radiologist,3
kanye,3
pic,3
dell,3
yoga,3
gnocchi,3
brit,3
asap,3
dre,3
colonoscopy,3
michael,3
disney,3
crossfit,3
gouda,3
flood,3
dart,3
sexuality,3
swimming,3
deck,3
wit,3
hen,3
manhood,3
pinocchio,3
chris,3
connection,3
kardashian,3
turd,3
frankenstein,3
skydiver,3
trailer,3
egypt,3
tablet,3
contraction,3
freezer,3
clinton,3
procastination,3
vietnamese,3
decade,3
notice,3
humorist,3
outlet,3
edward,3
cable,3
sewer,3
famine,3
trunk,3
infection,3
semen,3
tool,3
miyagi,3
soccer,3
beyonce,3
edge,3
crepe,3
weakness,3
equation,3
tear,3
argon,3
abyss,3
resume,3
einstein,3
tupperware,3
buffalo,3
mac,3
cross,3
drinking,3
texting,3
wrist,3
scissor,3
babe,3
hurt,3
wurst,3
acquaintance,3
mordor,3
dyscalculia,3
formula,3
owner,3
pornography,3
idk,3
friction,3
cheek,3
circuit,3
whistle,3
violence,3
woo,3
homie,3
side,3
colour,3
creature,3
endgame,3
nacho,3
hockey,3
eyeball,3
blackout,3
perv,3
fbi,3
tie,3
joe,3
immigrant,3
robbery,3
load,3
quarterback,3
entrepreneur,3
smallpox,3
advantage,3
effect,3
homeopathy,3
ladybug,3
contrarian,3
developer,3
organization,3
colander,3
scratch,3
louis,3
booty,3
hangover,3
runner,3
geology,3
impeachment,3
aweso,3
profanity,3
navy,3
rabbi,3
schoolbus,3
channel,3
quark,3
delivery,3
fox,3
workout,3
hypothermia,3
intro,3
wookie,3
announcement,3
bum,3
dnc,3
furniture,3
fascist,3
mummy,3
plumber,3
avenger,3
evidence,3
research,3
thursday,3
revolution,3
epiphany,3
lighthouse,3
cycle,3
gate,3
apathy,3
biggie,3
paste,3
indicator,3
baltimore,3
instance,3
neymar,3
oscar,3
wednesday,3
impression,3
beep,3
attempt,3
speed,3
calzone,3
hippy,3
pneumonoultramicroscopicsilicovolcanoconiosis,3
breast,3
macdonald,3
voldemort,3
nuke,3
biscuit,3
hammertime,3
mule,3
nein,3
community,3
moma,3
peter,3
elk,3
guide,3
tube,3
snoop,3
pescatarian,3
titty,3
atm,3
communication,3
titanic,3
funny,3
hostage,3
toucan,3
suspicion,3
bulimia,3
anaconda,3
intelligence,3
pan,3
interest,3
ash,3
necropheliac,3
luggage,3
ginger,3
squid,3
hedgehog,3
wayne,3
shovel,3
manner,3
presidency,3
shaving,3
anime,3
cashew,3
teller,3
cthulhu,3
whisper,3
dessert,3
privilege,3
dancer,3
writing,3
genocide,3
bow,3
enemy,3
cockroach,3
potential,3
result,3
appeal,3
cellphone,3
actress,3
shopping,3
acronym,3
cakeday,3
updog,3
antarctica,3
sadist,3
physicist,3
speaker,3
humidity,3
obamacare,3
goth,3
horn,3
laughter,3
environment,3
masturbate,3
comcast,3
shakespeare,3
walker,3
meaning,3
millionaire,3
desert,3
cleavage,3
diaper,3
experiment,3
pee,3
fencer,3
goodbye,3
moss,3
episode,3
journalism,3
apollo,3
socrate,3
taxidermist,3
soulmate,3
shooter,3
assumption,3
update,3
lent,3
packet,3
plagiarism,3
fever,3
echo,3
interviewer,3
flour,3
firefly,3
steam,3
xxxtentacion,3
leprechaun,3
ping,3
karen,3
tan,3
surprise,3
waste,3
polish,3
diarrhoea,3
skywriter,3
amateur,3
obstetrician,3
jeff,3
ppl,3
cricket,3
bagpipe,3
illness,3
syphili,3
tran,3
hawaii,3
style,3
slope,3
calculation,3
bacardio,3
verb,3
cheerleader,3
carpet,3
leaf,3
transsexual,3
paris,3
occasion,3
moore,3
dancing,3
strange,3
quadriplegic,3
canyon,3
proverb,3
mole,3
yoke,3
paleontologist,3
salesperson,3
spaghetto,3
sleeve,3
lame,3
jest,3
mannequin,3
slice,3
lbs,3
circumstance,3
9gag,3
mississippi,3
limit,3
frontpage,3
quality,3
mayo,3
writer,3
pear,3
hip,3
simpson,3
fighter,3
ballerina,3
push,3
practice,3
majority,3
whorehouse,3
horticulture,3
stage,3
hulk,3
hobby,3
jamaican,3
psychology,3
gardener,3
antimatter,3
danish,3
foreigner,3
semicolon,3
pringle,3
ex,3
cloning,3
purpose,3
narcissism,3
jetson,3
tinder,3
dong,3
migraine,3
watt,3
drill,3
oui,3
soleimani,3
harassment,3
pea,3
hike,3
prick,3
reminder,3
waist,3
10q,3
midnight,3
anesthesiologist,3
chili,3
inuendo,3
focus,3
simile,3
bottle,3
punch,3
congrat,3
menu,3
minor,3
airline,3
chlamydia,3
evening,3
influence,3
weinstein,3
brown,3
labor,3
david,3
limbo,3
falafel,3
check,3
wait,3
chipotle,3
hermaphrodite,3
tone,3
bidet,2
monopoly,2
spongebob,2
lingerie,2
protection,2
aeroplane,2
slingshot,2
explode,2
cleaner,2
dck,2
morgue,2
elitist,2
mast,2
century,2
hairdryer,2
inconvenience,2
polio,2
philanthropist,2
builder,2
dory,2
symphony,2
bedtime,2
task,2
neuron,2
doorknob,2
sayin,2
curve,2
bff,2
cursive,2
painkiller,2
satan,2
mud,2
carb,2
helicopter,2
yoyo,2
hippo,2
player,2
boo,2
eel,2
proctologist,2
tsa,2
singer,2
skill,2
kyle,2
stare,2
yak,2
broad,2
superman,2
leaflet,2
particle,2
pointer,2
whip,2
quitter,2
injury,2
heel,2
sikh,2
beet,2
moustache,2
affair,2
terror,2
fencing,2
miner,2
hoover,2
price,2
rib,2
zip,2
protestor,2
amnesiac,2
nightmare,2
nutcracker,2
vinegar,2
tenor,2
cardi,2
blow,2
cook,2
tractor,2
cheeto,2
neighbour,2
tauntaun,2
antijoke,2
diagnosis,2
congress,2
vector,2
strike,2
umlaut,2
arkansas,2
reservation,2
miracle,2
houseguest,2
frozen,2
stone,2
wax,2
lord,2
oxygen,2
hamlet,2
correctness,2
urge,2
flatmate,2
aids,2
curse,2
environmentalist,2
drake,2
edam,2
treasure,2
swordsman,2
boston,2
macbook,2
enzyme,2
rapture,2
salary,2
charger,2
heatwave,2
sphere,2
bernie,2
altho,2
binocular,2
mayfly,2
explanation,2
pleasure,2
beauty,2
kale,2
observation,2
destination,2
stoplight,2
farm,2
thor,2
wake,2
atrophy,2
christians,2
hotline,2
anorexia,2
tutor,2
goosebump,2
motorbike,2
florida,2
confucius,2
gut,2
lack,2
forehead,2
semester,2
outwindow,2
zika,2
april,2
hypnotist,2
protagonist,2
jesus'crucifixion,2
gangrape,2
firewood,2
heat,2
justin,2
greece,2
management,2
mange,2
geek,2
fck,2
pennywise,2
sceptic,2
print,2
pendulum,2
scooter,2
outlaw,2
kite,2
everest,2
mustang,2
binary,2
syllable,2
anesthesiology,2
feel,2
mon,2
signature,2
syrup,2
blessing,2
prequel,2
fable,2
deaf,2
dadabase,2
individual,2
christianity,2
carrier,2
parkinson,2
psycho,2
midwest,2
heimlich,2
trafficking,2
conclusion,2
belief,2
pew,2
o'furniture,2
visibility,2
click,2
twat,2
saturday,2
socket,2
battleship,2
meter,2
eater,2
capitalism,2
field,2
furnace,2
gotcha,2
view,2
mike,2
squidward,2
icecream,2
mmmmm,2
realization,2
tyler,2
shin,2
agoraphobia,2
flasher,2
rocket,2
corny,2
khaled,2
kappa,2
butcher,2
sanity,2
starvation,2
horny,2
osteoporosis,2
lou,2
sauerkraut,2
avocado,2
goodyear,2
businessman,2
mexico,2
pressure,2
emoji,2
expense,2
tapeworm,2
bestiality,2
gasoline,2
negros,2
margarine,2
sample,2
senator,2
faucet,2
gambling,2
confession,2
promise,2
liverpool,2
set,2
flu,2
mango,2
montage,2
reporter,2
dorito,2
nasa,2
lemonade,2
abuse,2
rubber,2
hiker,2
noon,2
disaster,2
british,2
switzerland,2
bod,2
knowledge,2
foursome,2
doc,2
copy,2
puas,2
calender,2
photography,2
washcloth,2
peasant,2
transvestite,2
polygon,2
sum,2
welfare,2
jizz,2
prius,2
intolerance,2
braile,2
fogle,2
superglue,2
nation,2
ghostbuster,2
inuit,2
comb,2
warehouse,2
stutter,2
testing,2
favorite'friends'quote,2
prayer,2
pixel,2
genital,2
thot,2
chainsaw,2
jay,2
pudding,2
image,2
napkin,2
youtuber,2
syphilis,2
branch,2
pedophilia,2
audi,2
tattooed,2
weekday,2
balance,2
droid,2
y'know,2
rumor,2
strap,2
percentage,2
uniform,2
hobbit,2
beat,2
dignity,2
let,2
perspective,2
web,2
antonym,2
oregon,2
marvel,2
jackson,2
hydrogen,2
odysseus,2
andre,2
scotland,2
reflex,2
pyromaniac,2
tim,2
stop,2
wonton,2
blackboard,2
superbowl,2
punsexual,2
container,2
mini,2
prescription,2
hairstyle,2
engine,2
tale,2
conjunction,2
slipper,2
trucker,2
pharmacist,2
breeze,2
kitchen,2
spez,2
sort,2
yiddish,2
lovecraft,2
wooosh,2
yearbook,2
permission,2
pm,2
thanksgiving,2
respect,2
hypotenuse,2
risk,2
bukkake,2
linguist,2
tattoo,2
nachos,2
leonardo,2
oman,2
coconut,2
duran,2
riddle,2
representative,2
quran,2
call,2
jealousy,2
liberal,2
kindness,2
mitch,2
funn,2
east,2
lid,2
eunuch,2
annie,2
peein,2
pulse,2
intercourse,2
warden,2
willis,2
omniscient,2
blockchain,2
raspberry,2
beverage,2
nickname,2
vibe,2
bomber,2
inbox,2
footballer,2
ohio,2
narrator,2
researcher,2
cheeseburger,2
trust,2
hose,2
taxidermy,2
gallow,2
horsey,2
jared,2
sh1,2
celebrity,2
farming,2
software,2
podcast,2
cyanide,2
moscow,2
policy,2
spacesuit,2
ecstasy,2
leann,2
ambiguity,2
handicapped,2
conformity,2
organisation,2
antibiotic,2
mph,2
rene,2
weiner,2
coli,2
master,2
hetero,2
beyblade,2
ate,2
afterlife,2
anatomy,2
jury,2
sexlife,2
laughing,2
leader,2
lemme,2
placard,2
arabian,2
census,2
stock,2
forecast,2
hamster,2
elsa,2
hee,2
fisting,2
marshmallow,2
equality,2
conference,2
groan,2
pimple,2
height,2
err,2
stroke,2
progeria,2
collage,2
occupation,2
structure,2
following,2
eclipse,2
3yo,2
eating,2
nascar,2
chevy,2
loneliness,2
shlong,2
battalion,2
wheat,2
tautology,2
fjord,2
tailgater,2
ikea,2
yoghurt,2
trait,2
want,2
cosplayer,2
care,2
toddler,2
opossum,2
foreplay,2
borderline,2
handcuff,2
egyptian,2
snooze,2
darkness,2
cbs,2
jedi,2
elon,2
stretch,2
buttcheek,2
synesthesia,2
paramedic,2
zeus,2
barbie,2
bedroom,2
trench,2
majesty,2
zippo,2
corps,2
scarecrow,2
winner,2
wii,2
nightclub,2
asexual,2
instructor,2
million,2
baguette,2
forget,2
uranium,2
torch,2
subwoofer,2
clue,2
exception,2
wheeler,2
obese,2
ghoul,2
supervisor,2
spouse,2
pokey,2
dictaphone,2
ewan,2
quo,2
fireman,2
medusa,2
sneeze,2
african,2
ijkwim,2
roll,2
adventure,2
s'more,2
word'diputseromneve'may,2
hamper,2
assurance,2
shhh,2
resistance,2
agent,2
passenger,2
paycheck,2
unicycle,2
pamphlet,2
lift,2
tekashi,2
logan,2
intercom,2
planetarium,2
diamond,2
homicide,2
autism,2
topic,2
rod,2
sofa,2
valentuna,2
neighborhood,2
drunk,2
grudge,2
george,2
mommy,2
urine,2
sunburn,2
felix,2
hedge,2
biology,2
germany,2
saw,2
biography,2
cheesecake,2
tittie,2
dubai,2
kelly,2
sticker,2
comeback,2
audition,2
mitt,2
reincarnation,2
mosque,2
thoup,2
vaginas,2
jellyfish,2
agnostic,2
vinyl,2
browser,2
clockwise,2
dalai,2
contest,2
trashcan,2
alot,2
london,2
jaw,2
bleach,2
gram,2
tcp,2
india,2
legion,2
poindexter,2
dumb,2
cleaning,2
whoomp,2
concert,2
repetition,2
heater,2
nationality,2
flashback,2
2x10,2
twig,2
moo,2
drum,2
insurance,2
friendship,2
prostitue,2
headstone,2
halibut,2
three,2
ruth,2
nude,2
moses,2
organism,2
masterbater,2
eastern,2
retriever,2
cube,2
bassist,2
drown,2
pottery,2
youth,2
logo,2
puppet,2
san,2
lamb,2
panic,2
whoopass,2
flavor,2
danger,2
pause,2
tinnitus,2
pantry,2
peer,2
wyoming,2
stonehenge,2
schizophrenic,2
seal,2
illiteracy,2
sunblock,2
offense,2
cellar,2
pandemic,2
ticket,2
adultery,2
transfat,2
tortilla,2
valve,2
crunch,2
hut,2
schrodinger,2
jimmy,2
patriot,2
of'in'is,2
bath,2
quit,2
cocoa,2
manhole,2
gardening,2
wrench,2
squash,2
windows,2
transmission,2
marker,2
meta,2
budweiser,2
cider,2
restraint,2
absence,2
file,2
tap,2
sup,2
casino,2
winrar,2
vladimir,2
waterfall,2
skirt,2
booze,2
playlist,2
cholo,2
hippie,2
assault,2
jazz,2
sniff,2
classroom,2
eddit,2
awl,2
gibberish,2
schedule,2
ukraine,2
hitman,2
drawing,2
ahem,2
nickle,2
lifetime,2
mortician,2
harvey,2
reload,2
level,2
kettle,2
campaign,2
colonel,2
shirley,2
roofie,2
mandarin,2
countryside,2
facepalm,2
romans,2
boxing,2
lotion,2
poverty,2
chivalry,2
sharona,2
englishman,2
cannonball,2
windu,2
teflon,2
swing,2
carburettor,2
capital,2
bat,2
missile,2
temper,2
telepathy,2
dairy,2
swede,2
cruiser,2
uber,2
vietnam,2
dora,2
dominos,2
strength,2
crabs,2
quadruplet,2
europe,2
askreddit,2
upbringing,2
douche,2
violist,2
eggnostic,2
datum,2
fellatio,2
cage,2
trans,2
libertarian,2
ventriloquist,2
axis,2
but,2
oyster,2
semtex,2
necrophile,2
peeve,2
depend,2
disco,2
ithburg,2
alan,2
bbc,2
stallone,2
jalapenos,2
repeat,2
benefit,2
jooooooooooooooke,2
brothel,2
castration,2
cash,2
capitalist,2
eachother,2
hawaiian,2
racecar,2
shitless,2
garden,2
receipt,2
stewart,2
flintstone,2
onomatopoeia,2
grey,2
chicago,2
glue,2
manicure,2
stress,2
oying,2
range,2
raven,2
whoosh,2
sponge,2
romanian,2
north,2
gossiper,2
overwatch,2
cauc,2
brace,2
buy,2
colorblind,2
richard,2
funiture,2
handstand,2
illusion,2
pile,2
rebel,2
bri,2
offer,2
puberty,2
powerball,2
collection,2
generalisation,2
invisibility,2
carnival,2
fajita,2
swamp,2
flea,2
chemotherapy,2
coz,2
major,2
stay,2
bicep,2
eyedrop,2
track,2
transgender,2
farah,2
moi,2
closure,2
punguin,2
pedestrian,2
pileup,2
anvil,2
august,2
subtitle,2
sandstorm,2
bookie,2
rack,2
stds,2
bullfighter,2
jamaica,2
drummer,2
hourglass,2
vagrant,2
charade,2
hollywood,2
alchemist,2
groot,2
syndrome,2
aardvark,2
budgie,2
recognition,2
airpod,2
goddess,2
boobs,2
tag,2
absolute,2
anarchy,2
vengeance,2
hypocrisy,2
poison,2
pregnancy,2
filipino,2
gpa,2
betty,2
shoutout,2
sci,2
gosh,2
crack,2
bdsm,2
shock,2
secretary,2
gurt,2
frostbite,2
shoplifting,2
childbirth,2
hogwart,2
gyro,2
pot,2
prop,2
shipwreck,2
spaceman,2
bite,2
satanist,2
asl,2
fee,2
wound,2
july,2
alibi,2
breathing,2
hoodie,2
breakup,2
maze,2
hander,2
gadot,2
volume,2
poetry,2
grain,2
mockingbird,2
floyd,2
presentation,2
blond,2
review,2
recluse,2
mission,2
fiat,2
nba,2
steven,2
disc,2
corporateshow,2
flake,2
fresno,2
muppet,2
campfire,2
atheism,2
final,2
consultant,2
prophet,2
tutankhamun,2
cartoon,2
bubble,2
daisy,2
orientation,2
hippa,2
lego,2
smurf,2
bully,2
skittle,2
loss,2
regret,2
auctioneer,2
saucer,2
buddha,2
faa,2
networking,2
brazilian,2
nile,2
neckbeard,2
january,2
jooooooooke,2
fanboy,2
kidnapper,2
skateboard,2
glove,2
drumkit,2
flash,2
insta,2
zune,2
dominatrix,2
budapest,2
daylight,2
pepe,2
dan,2
giver,2
chelsea,2
ww1,2
cation,2
martin,2
liquid,2
minimalism,2
fleshlight,2
like,2
hive,2
refresh,2
maid,2
thunder,2
blinker,2
culture,2
smartphone,2
committee,2
admin,2
buoy,2
powerpoint,2
phase,2
godot,2
castle,2
dysentery,2
mess,2
prediction,2
beast,2
undie,2
caucasian,2
router,2
californian,2
bench,2
blink,2
doubt,2
thigh,2
read,2
favourite,2
byte,2
nonsense,2
sweaty,2
deepthroat,1
bunk,1
ooooooooooooooooooooooooooonnnnnnnnnnnnnnnnneeeeeeeeee,1
microscope,1
toenail,1
kernel,1
sieer,1
flypaper,1
holliday,1
gambino,1
outland,1
sassination,1
lowwwwwerrrrrrrr,1
placenta,1
ughh,1
pham,1
hairdo,1
bassmaster,1
hallelujah,1
invertibrate,1
beeeeeeeeeeeeeeeeee,1
mew,1
minister,1
trophy,1
fractal,1
roadwork,1
poll,1
sackedamucci,1
flyer,1
illustrator,1
mot,1
exclusive,1
cheesemonger,1
recipe,1
theramin,1
altitude,1
dallas,1
native,1
yaddab,1
forefather,1
nutella,1
administration,1
responder,1
gaggle,1
boyn't,1
christmastime,1
canary,1
ancestry,1
series'constipation,1
has'lack'in,1
excitement,1
bullship,1
loop,1
badminton,1
staccato,1
ggggggggggggggggggggggggggggggggggggggggggggggggggggggggggggggggggggggggggggggggggggggggggggggggggggggggggggggggggggggggggggggggggggggggggggggggggggggggggggggggggggggggggggggggggggggggggggggggggggggggggggggggggggggggggggggggggggggggggggggggggggggggggggggggggggggggggggggggggggggggggggggggggggggggggggggggggggggggggggggggggggggggggggggggggggggggggggggggggggggggggggggggggggggg,1
fecalpheliac,1
jellybean,1
clickbaits,1
buttigieg,1
anchovy,1
gluten,1
faguette,1
inventor,1
croix,1
chiropracticor,1
tamole,1
caucus,1
theist,1
hungover,1
cymbal,1
plaque,1
insertion,1
diem,1
nexus,1
seabed,1
booby,1
50,1
lighting,1
celiac,1
dicen,1
archeologist,1
keller,1
lije,1
yorker,1
ammendment,1
panopticon,1
crocadial,1
alamo,1
soliemani,1
here,1
mackle,1
charm,1
rasit,1
unification,1
irish,1
icu,1
testosterone,1
member,1
shocker,1
allah,1
dividing,1
narwhal,1
idubbbz,1
winceday,1
choke,1
demolisher,1
altar,1
coffe,1
baptism,1
torture,1
chakra,1
ann,1
taylor,1
proofreader,1
infidel,1
marathoner,1
aemon,1
alla,1
-she,1
manslaughter,1
jock,1
vicinity,1
rockets'defense,1
shrink,1
register,1
dec,1
sexpectation,1
ntfs,1
chromebook,1
bacontaco,1
pride,1
person'white,1
badambum,1
shivas,1
mubarak,1
valhaha,1
maleficent,1
10yo,1
their't,1
pattern,1
leprosy,1
ailin'alien,1
quiche,1
precedent,1
timbuktu,1
brainbow,1
going,1
exposition,1
jestson,1
homiecide,1
erdogan,1
anith,1
margin,1
tick,1
hawk,1
citizen,1
aftermath,1
bazzinga,1
chihuahua,1
tangent,1
hiding,1
jokeexplainbot,1
reef,1
thefinebrother,1
rhombus,1
megafone,1
busy,1
explosive,1
south,1
centrist,1
ewing,1
aircraft,1
brojob,1
casualty,1
hercule,1
pit,1
get,1
warudo,1
ctuation,1
hummer,1
dawrve,1
cleansing,1
sheepdog,1
drdino356,1
limo,1
darkjoke,1
pinguin,1
gypsy,1
galactose,1
peacock,1
underachiever,1
libya,1
photoshop,1
init,1
pai,1
leapfrog,1
met,1
foundry,1
whyisleatherarmorbestforsneaking,1
poopy,1
budwiser,1
simmon,1
authority,1
hookiepokie,1
biter,1
caeser,1
pantman,1
inory,1
gecko,1
lyre,1
borscht,1
ideology,1
phil,1
hit,1
missederection,1
sandy,1
whoooo,1
dank,1
buongiorno,1
household,1
crastinator,1
testdfdfdfdfdfd,1
pacifism,1
warcraft,1
spaghettio,1
iceburg,1
an'itheberg,1
beanstalk,1
kids'menu,1
pierre,1
chester,1
grumpy,1
ostrich,1
masterbator,1
ranch,1
fairy,1
affirmation,1
crosser,1
eight,1
worry,1
decoration,1
megahertz,1
storytelling,1
pecan,1
walrus,1
suv,1
dmx,1
statesman,1
chip,1
shrug,1
elevation,1
millennium,1
gaitkeeper,1
costume,1
it'twice,1
yew,1
was'sausage,1
nbsp,1
kathmandu,1
intake,1
wavelength,1
stereo,1
symbol,1
tat,1
comforchair,1
jog,1
neighbourhood,1
iever,1
beermaker,1
login,1
mitochondria,1
opera,1
sprinkle,1
showerthought,1
preference,1
parabola,1
meyer,1
lad,1
iphone7,1
latin,1
reader,1
coil,1
mad,1
relation,1
adblock,1
cub,1
alderaan,1
creativity,1
jesus'cross,1
malady,1
forth,1
crook,1
deviation,1
roblox,1
scold,1
bjork,1
scope,1
hyena,1
womb,1
fate,1
teletubbie,1
agnosticism,1
aroni,1
spermutation,1
series,1
rightttttttjggtfcbvvvvvvvvvvvvvvvvvvvvvvvvvvvvvvvvvvvvvvvvvvvvvvvvvvvvvvvvvvvvvvvvvvvvvvvvvvvvvvvvvvvvvvvvvvvvvvvvvvvvvvvvvvvvvvvvvvvvvvvvvvvvvvvvvvvvvvvvvvvvvvvvvvvvvvvvvvvvvvvvvvvvvvvvvvvvvvvvvvvvvvvvvvvvvvvvvvvvvvvvvvvvvvvvvvvvvvvvv,1
prophecy,1
autobot,1
wwe,1
prostitution,1
start,1
onision,1
meow,1
luigi,1
racetrack,1
lel,1
cern,1
dale,1
slaughterhouse,1
autocannibal,1
exaggeration,1
locket,1
troll,1
cinderella,1
windshield,1
ovensiv,1
andrew,1
anthropology,1
metoo,1
circumsizzor,1
buddist,1
trav,1
intimacy,1
lobotomy,1
suede,1
passover,1
deathbed,1
panama,1
procrasturbation,1
cookez,1
radian,1
pal,1
phedophile,1
waluigi,1
an'entury,1
masseur,1
narcotic,1
armour,1
schwitz,1
booomerang,1
procrastina,1
word'pundit,1
nnme,1
honking,1
suckah,1
perforation,1
loofa,1
referee,1
greyhound,1
nra,1
volvo,1
strawberry,1
11yo,1
demogorgon,1
dickman,1
abcdefghijklmnqrstuvwxyz,1
cornflake,1
hall,1
graf,1
generator,1
protester,1
uop,1
effortless,1
triumph,1
poste,1
diputsrepus,1
canibal,1
hexadecimal,1
filter,1
outage,1
startup,1
purramedic,1
pewdiepie,1
oom,1
hemiola,1
hound,1
overdose,1
anecdote,1
blitzkrieg,1
supremacy,1
awwwwwwwtism,1
crackhead,1
repostst,1
nnn,1
weld,1
derrida,1
skating,1
conspiracy,1
algae,1
rob,1
cafe,1
vaccuum,1
erythrocyte,1
eggman,1
toughneigh,1
property,1
splenda,1
electronicart,1
emerg-,1
m'ladie,1
oscar'jokes,1
matthew,1
jooooooooooke,1
sandal,1
portrait,1
shanksgiving,1
dos,1
locksmith,1
fgm,1
idol,1
autophobia,1
overthinker,1
bandicoot,1
tehran,1
autocorrectum,1
kamehameha,1
chalkboard,1
charcoal,1
bbno,1
shoot,1
zygous,1
bcuz,1
chain,1
pom,1
textbox,1
jokeeeeeeeeeeeeeeeeeeeeeeeeeeeeeeeeeeeeeeeeeeeeeeee,1
decency,1
forte,1
eleph,1
impact,1
dysentary,1
aww,1
achievement,1
oblivion,1
fuss,1
earphone,1
dip,1
mathturbator,1
craker,1
nutting,1
walter,1
better'suppose,1
jose,1
radiohead,1
leave'em,1
tearjerker,1
butlers-,1
ryu,1
consent,1
guinness,1
streaker,1
iliterat,1
easterner,1
slack,1
vaccination,1
process,1
shady,1
haiti,1
fit,1
dehydration,1
accordion,1
wrestling,1
eilish,1
beatlemania,1
mint,1
deamau5,1
antidisestablishmentarianism,1
shitload,1
heh,1
circlejerk,1
matress,1
policewoman,1
force,1
reeeeee,1
telluride,1
silverware,1
seafoam,1
-woman,1
sabra,1
chapo,1
astatine,1
wololo,1
genetic,1
kamagra,1
msucle,1
contrast,1
stat,1
damnit,1
negro,1
stairway,1
loaf,1
drumstick,1
coitus,1
badger,1
caronavirus,1
enlightenment,1
membership,1
ramification,1
kia,1
shoplifter,1
bid,1
feather,1
catheter,1
hunting,1
azuk10273,1
velma,1
snitch,1
alice,1
reasoning,1
ouiiiiiiiiiiii,1
queen,1
spying,1
williams'death,1
napoleon,1
farmville,1
politics,1
circumsicion,1
spacecraft,1
imp,1
falcon,1
awww,1
crisp,1
man-,1
haploid,1
paywall,1
plankton,1
nepal,1
fragrance,1
advil,1
clip,1
waitperson,1
oedipussy,1
current,1
nonbeliever,1
morgz,1
pluto,1
aaaaaaaaaa,1
distraction,1
martini,1
immanuel,1
maldive,1
faggot,1
sedan,1
stew,1
modesty,1
bert,1
commentary,1
twist,1
vegeta,1
disk,1
fiancee,1
aide,1
cure,1
southerner,1
avis,1
hoarding,1
slowicane,1
host,1
pug,1
swan,1
viking,1
jackass,1
sven,1
goodbyes,1
tetris,1
vidi,1
ramp,1
eavesdropper,1
medival,1
kimchi,1
grammer,1
fist,1
percent,1
punctual,1
blank,1
reddiquette,1
sia,1
crockadial,1
labour,1
granite,1
niger,1
quid,1
disinfection,1
gladiator,1
facelift,1
qaede,1
gma,1
advert,1
ol'days,1
significunt,1
medal,1
colombian,1
xenophobia,1
rebellion,1
barrier,1
palindrone,1
egoist,1
squeak,1
abolitionist,1
whatsapp,1
investment,1
boto,1
capone,1
koala,1
solvent,1
avacado,1
trial,1
carrie,1
var,1
necrophelia,1
chord,1
torso,1
harlem,1
postcard,1
preacher,1
spiderweb,1
groin,1
loudspeaker,1
hopkin,1
rowling,1
bandage,1
procrasturbater,1
rembrandt,1
gilgamesh,1
hugger,1
cntext,1
antidrpressant,1
gutter,1
motivation,1
jobby,1
cheesewis,1
spain,1
disslexya,1
outdate,1
cynicgogue,1
elle,1
fianc,1
batcave,1
ohayo,1
peodeiktophile,1
supplement,1
sensation,1
troop,1
paddys,1
gandalfini,1
aaah,1
tootnotcomin,1
electronic,1
dieeference,1
aldaraan,1
dunkin'donut,1
theory,1
move,1
booner,1
nomnivore,1
baconator,1
cannoli,1
hehehehe,1
concept,1
flockchain,1
promotion,1
apocolypse,1
march,1
beginner,1
columbus'discover'america,1
generalizing,1
desire,1
improv,1
galaxy,1
vaccum,1
dinasour,1
homosexuality,1
canda,1
cal,1
asia,1
tuxedo,1
consensus,1
aaaaaaiiiiiidddss,1
malaysia,1
wussie,1
barenkatapult,1
yasuo,1
parallel,1
cupboard,1
shotgun,1
ryan,1
felicia,1
robutto,1
lactation,1
pleonasm,1
moans,1
piercing,1
gary,1
cyclops,1
blah,1
checkbook,1
roller,1
detective,1
slate,1
tobleron,1
stockholm,1
simpleton,1
hyman,1
facist,1
alzhemier,1
reflection,1
gta,1
allure,1
reddot,1
vegtable,1
tumour,1
suicidal,1
say'donut,1
clickbaity,1
charles,1
savant,1
fudge,1
flacowitz,1
dragonfruit,1
tummyache,1
hoop,1
bien,1
spanking,1
payment,1
peru,1
boi,1
buccaneer,1
bump,1
finn,1
curd,1
barbershop,1
infinipee,1
giant,1
percussionist,1
bowhunting,1
dipthong,1
employer,1
derp,1
once-,1
kilobyte,1
muslims,1
kony,1
beeblay,1
cupid,1
phosphorous,1
noncesense,1
submit,1
asset,1
bick,1
dundat,1
eeeeeeeeeeeeee,1
jelly,1
prosthetic,1
sewing,1
dist,1
thrumpet,1
boos,1
ling,1
gratification,1
tango,1
coincidences'i,1
tsh,1
kno,1
indoor,1
plot,1
bae,1
jokinglikeabot,1
misogynist,1
hanukkah,1
gandhi,1
roofer,1
eureka,1
singh,1
pat,1
payday,1
hoffman,1
osbourne,1
warrior,1
ommmmmmm,1
clementine,1
cowch,1
grandson,1
doris,1
yttrium,1
exaggerator,1
latestagecapitalism,1
hilarity,1
pao,1
colleague,1
intention,1
tentacion,1
invertibrat,1
argentina,1
font,1
cartridge,1
storm,1
centipede,1
bud,1
snowsuit,1
fraternity,1
barbecue,1
rohypnol,1
twenty,1
hypotenoose,1
norris,1
scrubreddit,1
non,1
pasteruize,1
mushfiq,1
vapor,1
macedonia,1
muesli,1
in'reddit,1
lasagne,1
yikea,1
itch,1
defense,1
achoosday,1
mahome,1
atta,1
monogamist,1
abduction,1
python,1
cray,1
indiana,1
nudity,1
duvet,1
bane,1
repostception,1
remain,1
octopi,1
afghanistan,1
shamu,1
syphilli,1
tera,1
an'f,1
submission,1
bong,1
starbucks,1
marx,1
diary,1
children,1
bleeding,1
hahahahahaha,1
queston,1
touching,1
descent,1
himalayas,1
medulla,1
goofy,1
imgur,1
ballsack,1
djinnstagram,1
reapercussion,1
bete,1
gonn,1
rage,1
covid19,1
clearance,1
awoman,1
jaundice,1
memoir,1
unce,1
plumbing,1
roofy,1
gangster,1
sustainability,1
dreaming,1
ratio,1
relephant,1
dy,1
elephantom,1
costco,1
stupidity,1
nate,1
confinement,1
gratitude,1
hahahahaha,1
cain,1
teddy,1
iud,1
gemini,1
minidisc,1
altoid,1
hempisphere,1
partaaaaaaaay,1
thundercats'ho,1
hazard,1
campton,1
manchester,1
decorator,1
down,1
cyclist,1
citrus,1
seawater,1
peon,1
loot,1
etymology,1
manga,1
determinist,1
cows'feet,1
braincell,1
comer,1
the'net,1
caterpillar,1
mascot,1
pripyat,1
jackhammer,1
hemo,1
win,1
ct,1
apathetic,1
concrete,1
pacino,1
spacex,1
mispronounce'lincoln'and'cologne'if,1
eyethburg,1
messenger,1
tri,1
nooo,1
exxon,1
dogg,1
pacquiao,1
groomer,1
chopstick,1
avicii,1
raffle,1
claustrophobic,1
tabletop,1
bondage,1
firearm,1
oldman,1
grenade,1
encounter,1
knuckle,1
staple,1
tumblr,1
steroid,1
i'm,1
viii,1
standoff,1
sclerosis,1
hindu,1
steamroller,1
piranha,1
macho,1
wat'er,1
attorney,1
crispy,1
maps,1
muhammad,1
redicburro,1
pad,1
dosekisu,1
colonavirus,1
shell,1
watson,1
sleepover,1
radiography,1
amigo,1
evil'part,1
bin,1
part,1
triskaidekaphobia,1
huehuehuehuehue,1
exgirlfriend,1
matt,1
canal,1
repostability,1
wishy,1
swiffer,1
calf,1
rad,1
lipstick,1
shidden,1
advertiser,1
butthurt,1
tobacco,1
peterpan,1
screening,1
called'attempted'murder,1
swinger,1
contempt,1
drone,1
ab,1
pickaxe,1
classical,1
dejav,1
timeline,1
galactation,1
sahara,1
lefty,1
bullhorn,1
propaganda,1
microagression,1
gayness,1
flawless,1
arigatoni,1
nuff,1
raceist,1
rogue,1
minded,1
ore,1
gloria,1
trumpoline,1
airlines,1
base2,1
wwii,1
girldfriend,1
pupil,1
oke,1
jon,1
pwnd,1
trespasser,1
climate,1
brexitist,1
zipper,1
ciggarete,1
nietzsche,1
vibranium,1
gryfindor,1
latte,1
investigator,1
chang,1
lamborghini,1
comedians'joke,1
transition,1
bungee,1
flambuoyancy,1
learner,1
obsession,1
questioner,1
safety,1
nooooooo,1
mang,1
return,1
descriminative,1
bust,1
traction,1
hamam,1
posture,1
urethra,1
regime,1
altright,1
qwop,1
neanderthal,1
seatbeat,1
poogatti,1
phewturama,1
inkling,1
ein,1
propriate,1
timbukone,1
hamas,1
carton,1
thoreau,1
dissonance,1
voyeurism,1
wwiii,1
duty,1
calligraphist,1
sibling,1
2nd,1
currency,1
curfew,1
hamglruber,1
chique,1
humus,1
studying,1
hardlycap,1
lend,1
footwear,1
urn,1
prize,1
interruption,1
kristoff,1
despacito,1
contradiction,1
knitting,1
barry,1
immunity,1
hatch,1
willow,1
sneaker,1
thi,1
parenthood,1
nitrogen,1
toy,1
monicle,1
fantasy,1
lgbt,1
alright,1
pastime,1
sprite,1
taht,1
compound,1
syrias,1
voop,1
zimbabwe,1
fore,1
ehhh,1
klinefelter,1
meeeee,1
waslim,1
jenny,1
roofless,1
thunderstorm,1
producer,1
lan,1
lock,1
fisher,1
division,1
honkey,1
zit,1
sexual,1
pedal,1
scot,1
defeat,1
frizzle,1
console,1
apparel,1
schooner,1
mention,1
knock-,1
malaysian,1
jooooooooooooooooooooooooooooke,1
memorial,1
dizzy,1
ugg,1
naysayer,1
plight,1
sodomy,1
zealand,1
fifa,1
sae,1
conversationihilist,1
jut,1
typist,1
parking,1
downfall,1
poltergeist,1
meerkat,1
mennonite,1
gonnorhea,1
believer,1
dopamine,1
lone,1
brat,1
streak,1
missouri,1
the'ck'in'put,1
constellation,1
scotch,1
machinery,1
speech,1
donair,1
coprophilia,1
incontinence,1
seminar,1
yletulosba,1
ejaculater,1
martyr,1
shebrew,1
climax,1
gezundheit,1
guppy,1
kiwiiiiiiiiiiiiiiiiiiiiiiiiiiiiiiiiiiiii,1
fritter,1
aristotle,1
with'at,1
flurry,1
fluf,1
anarchist,1
swim,1
pigment,1
tautologist,1
passcode,1
lightening,1
doe,1
darc,1
perfectionist,1
plural,1
slum,1
possum,1
bachelor,1
uppercase'i,1
quesadillas,1
chorus,1
arnold,1
dickbutt,1
declaration,1
existentialist,1
perfecto,1
pentameter,1
autobotulism,1
teeball,1
cockblock,1
gorgon,1
breathalyzer,1
vineyard,1
rsvp,1
sunlight,1
joek,1
isotope,1
nausea,1
paperwork,1
sheila,1
raisin,1
nightstick,1
filesystem,1
leak,1
stakeout,1
barcode,1
ishment,1
chesse,1
bismarck,1
gaddafi,1
harmonica,1
supervillain,1
cephalopod,1
incredible,1
neil,1
gigolo,1
contortionist,1
suffering,1
walnut,1
suplex,1
dvds,1
deadline,1
dud,1
aureus,1
mistake-,1
presence,1
covid,1
spring,1
headline,1
patrick,1
broker,1
1950,1
janegivitis,1
dickens,1
nowifi,1
njetflix,1
bankruptcy,1
yoi,1
reserve,1
rican,1
neon,1
weener,1
flute,1
ventriloquism,1
bouquet,1
outdoorsy,1
jogger,1
raymond,1
favorite,1
snapchat,1
byany,1
jalape,1
amen,1
betrayal,1
pleashh,1
roger,1
bologna,1
wrong'joke,1
income,1
bagziga,1
marsupial,1
insignificance,1
seo,1
tau,1
stump,1
ameoba,1
virginty,1
britney,1
iranians,1
danson,1
goldilock,1
stealing,1
pfui,1
blizzard,1
ahah,1
solo,1
shaft,1
icephone,1
whoman,1
skidmark,1
arthritis,1
humerus,1
stark,1
sexchange,1
dubreddit,1
historepost,1
android,1
glaciar,1
lunchmeat,1
phd,1
beliamh,1
region,1
homing,1
condm,1
temptation,1
pistachio,1
loooooser,1
rachelle,1
thorium,1
collar,1
specie,1
drywall,1
2136b,1
utopia,1
smokin,1
saying'bubbles,1
vaccuums,1
kombat,1
novel,1
alpha,1
midair,1
iceman,1
construct,1
macaroni,1
druid,1
progressive,1
elixir,1
exaggerate,1
impulse,1
masterbation,1
undercarriage,1
tigronometry,1
republicans,1
fuckup,1
maui,1
ociffer,1
tiiiiiimeeee,1
ama,1
resturant,1
eskimos,1
mouthful,1
chaos,1
handie,1
flirty,1
miami,1
lolololololol,1
behaviour,1
degeneration,1
translator,1
cylinder,1
artichoke,1
ancap,1
assinine,1
yeller,1
rgb,1
tooo,1
hippopotacrit,1
desk,1
selling,1
armadillo,1
ezra,1
mckitten,1
meh,1
recovery,1
doot,1
joooooooooooooooooooooooooooooooooke,1
pedestal,1
antipencil,1
western,1
blackmail,1
crepetomaniac,1
vapire,1
deforestation,1
gray,1
buff,1
parliament,1
antique,1
gyaliaphiliac,1
overdone,1
papyrus,1
blunder,1
the'zero'candy,1
hoe,1
ambivalentine,1
darth,1
cba,1
hoy,1
venture,1
zuckerberg,1
thanos'snap,1
limb,1
cos,1
doggie,1
thymus,1
media,1
drilling,1
terminal,1
senate,1
rufus,1
scorecard,1
motive,1
darkest,1
whistleblower,1
flex,1
mmmm,1
bowling,1
embassy,1
bueller,1
someday,1
context,1
attic,1
bride,1
pity,1
drugs'kid,1
snowplow,1
hun,1
vore,1
360glazeitfaggot,1
aileron,1
tortoise,1
junky,1
listerine,1
original,1
slip,1
diabetes,1
profile,1
expression,1
teeny,1
stepdad,1
seasoning,1
mentor,1
taking,1
osslt,1
mammoth,1
thingz,1
wwdtd,1
threat,1
walking,1
mausoleum,1
blunt,1
shaw,1
enchilada,1
egyptians,1
landline,1
johnson,1
friendzone,1
y2k,1
cosmonaut,1
ben,1
cod,1
billboard,1
gullibility,1
firecracker,1
molecule,1
plantain,1
astronomer,1
decimal,1
countdown,1
gtx,1
graduating,1
what'chronology'mean,1
incident,1
duoq,1
to'em,1
turdle,1
zilla,1
jjjjjjjjjjj,1
in'stupid,1
use,1
dilf,1
cardboard,1
packaging,1
republican,1
burn,1
thou,1
fob,1
withdrawal,1
greenland,1
biker,1
stain,1
hamstring,1
hint,1
http,1
subtraction,1
democracy,1
brachiosaurus,1
nympho,1
welshman,1
stream,1
surf,1
riverbed,1
swag,1
redtube,1
fda,1
snow'd,1
rude,1
plank,1
economic,1
handkerchief,1
iethberg,1
satnav,1
feedback,1
titans,1
sex'with,1
wining,1
liter,1
wheaty,1
peni,1
telepath,1
kenyan,1
scone,1
tonne,1
apostrophise,1
joooooooooooooooooooooooooooooooooooooooooooooooooooooooooooooooooooooooooooooooooooooooooooooooooooooooooooooooooooooooooooooooooooooooooooooooooooooooooooooooooooooooooooooooooooooooooooooooooooooooooooooooooooooooooooooooooooooooooooooooooooooooooooooooooooooooooooooooooooooooooooooooooooooooooooooooooooooooooooooooooooooooooooooooooooooooooooooooooooooooooooooooooooooooooooooke,1
faheater,1
69er,1
poq,1
brenda,1
que,1
sorrow,1
sharpshooter,1
glitter,1
h2o,1
no'x'in,1
dilemma,1
scott,1
rowboat,1
gopher,1
jewdo,1
the'r'is,1
kim,1
afterthought,1
pastor,1
guacamolle,1
fanfare,1
slumberjack,1
delicious,1
webcam,1
disableton,1
madamn,1
expert,1
thinker,1
intellectual,1
hemorroid,1
ballantine,1
convectionery,1
miff,1
dendrochronologist,1
loft,1
dunnit,1
bankaccount,1
dat,1
destroyer,1
flavour,1
boot,1
runway,1
airing,1
lisa,1
lime,1
sweden,1
abort,1
exist,1
ol'lady,1
venice,1
sylvester,1
rent,1
wile,1
treadmill,1
volunteer,1
kilo,1
gunna,1
max,1
fund,1
freshman,1
rjoke,1
foetus,1
ach,1
est,1
mtv,1
sharon,1
whack,1
donation,1
excavator,1
cellf,1
crimea,1
pajama,1
kaz,1
tuality,1
in'y'tomorrow,1
jason,1
nevoir,1
amazing,1
jjjjjjjjjooooooooooooooooookkkkkkkkkkkeeeeeeeee,1
duct,1
arctic,1
bam,1
voting,1
housewife,1
hypochondriasis,1
npr,1
quickie,1
semantict,1
kombucha,1
abcdefghijklmnopqrstuvwxy,1
cheap,1
mov1,1
exhibitionist,1
timmy,1
malone,1
offion,1
celsius,1
piccolo,1
anniversary,1
commenter,1
transparency,1
horror,1
jet,1
robocop,1
paralyzer,1
quarantino,1
darn,1
sultan,1
douglass,1
fuck've,1
breadmaker,1
egret,1
saltine,1
fcking,1
mh370,1
shingle,1
catwoman,1
houston,1
dutchman,1
obligation,1
nfl,1
niagara,1
vacation,1
backstreet,1
shrek,1
qaeda,1
voyent,1
masterdebater,1
index,1
slash,1
tentative,1
klepto,1
layer,1
sequence,1
aliurophile,1
enic,1
brian,1
badge,1
taxpayer,1
kostak,1
obesity,1
possibility,1
boulder,1
cardigan,1
refund,1
maggot,1
obgyn,1
joule,1
zilch,1
facility,1
scientific,1
pillbug,1
achoo,1
escapology,1
trane,1
buddhism,1
espresso,1
ouija,1
geeometry,1
noah,1
wilderness,1
skyrim,1
starmie,1
rolex,1
metallica,1
condo,1
lasix,1
motorcyle,1
hoodini,1
ida,1
hisstory,1
breakdance,1
shroom,1
skepticism,1
rumour,1
montana,1
flatland,1
erectus,1
benghazi,1
shepherd,1
snitzel,1
freind,1
jump,1
omission,1
cahoot,1
sailboat,1
alimony,1
brad,1
purrramedic,1
idiom,1
atlanta,1
tamale,1
minotaur,1
reorganization,1
scan,1
haggis,1
handful,1
percy,1
jewish,1
malapropism,1
constipatient,1
surfer,1
cabbage,1
lana,1
parlor,1
esrb,1
crucification,1
abbrev,1
cane,1
hebrew,1
barcelona,1
odor,1
dbus,1
gerbil,1
parkey,1
roundabout,1
perception,1
epidermis,1
gucci,1
gurl,1
fantastic,1
aajew,1
jesus'screwed'around,1
plywood,1
vesuvius,1
england,1
sweetie,1
wimbledon,1
slug,1
loam,1
horologist,1
kelp,1
stre,1
savior,1
wink,1
kristen,1
emoticon,1
shark'ruinan80ssong,1
bookcase,1
acrobat,1
pique,1
canofworm,1
critic,1
derivative,1
metavore,1
hunchback,1
fallout,1
masculine,1
anime'd,1
lootboxe,1
finding,1
caraway,1
democrats,1
chickenmovie,1
zelnut,1
nigga,1
upufb,1
joooooooooooooooooooooooke,1
foresight,1
hairy,1
sneezing,1
mediacom,1
visor,1
mart,1
fringe,1
dodo,1
screwdriver,1
chilli,1
intent,1
underscore,1
schroedinger,1
background,1
cheery,1
nymphomercial,1
low,1
movie'planes'it,1
ditto,1
trebuchet,1
tosecond,1
sympathy,1
pornhub,1
jesus'reaction,1
syntax,1
windex,1
estate,1
cvs,1
petition,1
mercury,1
net,1
pealing,1
hawking,1
mountaineer,1
machop,1
euphemism,1
ww3,1
amirite,1
aoc,1
shout,1
calm,1
chumbawamba,1
horseman,1
sat,1
bruise,1
tramp,1
zipcode,1
sadderday,1
vista,1
pudgey,1
mindfulness,1
jewfish,1
kegels,1
shmreddit,1
dawson,1
unfollow,1
wrap,1
samsung,1
djibouti,1
zoo,1
pronto,1
uptick,1
bathe,1
modarator,1
corneria,1
manger,1
indians,1
ride,1
succ,1
sense'have,1
haikus,1
item,1
female,1
grit,1
psalm,1
satanzilla,1
assassin,1
hillaryclinton,1
fad,1
tummy,1
ajay,1
appendix,1
chilean,1
audiobook,1
mating,1
mar,1
vial,1
it's,1
flirt,1
protein,1
catainment,1
beastiality,1
shiddd,1
normie,1
pta,1
fucker,1
electrone,1
daddyothree,1
methhead,1
woodchuck,1
ten,1
die,1
uppercase,1
compression,1
akbar,1
length,1
rarity,1
florist,1
bodyguard,1
ception,1
chewsday,1
montecito,1
preist,1
hardy,1
resignation,1
induction,1
hehehehehehehehehehehehe,1
crusader,1
controller,1
essence,1
andy,1
epicenter,1
their'spirit,1
inkception,1
cannon,1
leia,1
hindenburg,1
mettalica,1
poptart,1
similarity,1
receptionist,1
lasseter,1
with'expelliarmus,1
humanstm,1
mantra,1
gynecolgist,1
ramanan,1
portuguese,1
cosmetic,1
novocaine,1
fuckin'belt,1
pixar,1
pythagoras,1
nightclub'pulse,1
heard,1
astrophysicist,1
glee,1
honda,1
a'well,1
cathedral,1
delta,1
ejaculate,1
springfield,1
hamurabi,1
diss,1
ivan,1
macadamia,1
garbageman,1
tarmac,1
doberman,1
autist,1
gilding,1
monocle,1
babysitter,1
guild,1
hatred,1
rhotacism,1
wronger,1
maternity,1
cig,1
stim,1
futon,1
graffiti,1
schoolgirl,1
hiya,1
civilian,1
ibihard,1
sentance,1
nutter,1
richter,1
demento,1
hindenberg,1
suga,1
blackbirds'lazy,1
pictionary,1
freud,1
loner,1
twosday,1
clarence,1
spurt,1
ween,1
hammock,1
autocannibalism,1
brightness,1
abbreviation,1
gentleman,1
karius,1
khakis,1
mods'password,1
stamina,1
therapy,1
disneyland,1
noice,1
joooooooooooooooooooooooooooooooooooooooooooooooooooooooooooooooke,1
ansjdsnsbsnxndbsnxnsbdnxnsbsnsdjsna,1
activity,1
dipping,1
judgement,1
charge,1
admission,1
core,1
wool,1
jenga,1
varanus,1
asterisk,1
cucumba,1
drate,1
dystopia,1
seafood,1
prune,1
voraphile,1
slab,1
specialist,1
journey,1
loading,1
misconduct,1
snowmobile,1
oddparent,1
reaper,1
carpentry,1
espionage,1
uae,1
singularity,1
botox,1
scared,1
may,1
hymn,1
relativity,1
monarch,1
prostate,1
dog'one'and'two'if,1
baggage,1
illinois,1
inspire,1
inconsistency,1
cdo,1
teaching,1
hating,1
dealer,1
basson,1
keeper,1
portugal,1
dislike,1
explorer,1
grammy,1
sandwitch,1
transport,1
cutlery,1
olive,1
rhinoceros,1
ireland,1
coronabyte,1
flakey,1
dam,1
afroman,1
ukelele,1
subtweet,1
ps4,1
merpeople,1
whatisthelongbuttonatthebottomofthekeyboardfor,1
oceanographer,1
wartime,1
fugitive,1
ther,1
shortage,1
demographic,1
battletank,1
pushup,1
reuse,1
mantis,1
oot,1
cd,1
maby,1
hatter,1
infantalism,1
padding,1
arti,1
spatula,1
sucker,1
livery,1
aurora,1
lollipop,1
jewce,1
ekojitna,1
hadith,1
moooooooooooooooooo,1
seahorse,1
wetter,1
dys,1
glacier,1
sobriety,1
notification,1
remarque,1
bannana,1
temperance,1
compost,1
beatle,1
pms,1
cherry,1
boooooo,1
nlosq,1
hunger,1
djs,1
rewind,1
annoyance,1
faq,1
punishment,1
bora,1
fattening,1
coward,1
marquis,1
pesticide,1
niether,1
coalmine,1
pas,1
farewell,1
sorter,1
cavity,1
nde,1
rabie,1
blackhole,1
headmistress,1
shitposter,1
weasley,1
landscaper,1
recycle,1
peom,1
but'hay,1
mysticism,1
utility,1
newd,1
inflation,1
7eat,1
merengue,1
third,1
yolk,1
acting,1
machamp,1
birdbath,1
translater,1
timer,1
butthole,1
lens,1
konnichihuahua,1
mahatma,1
mayan,1
coincidance,1
carol,1
grader,1
hunch,1
sexdoll,1
baath,1
duckling,1
mammal,1
lee,1
pika,1
cabinet,1
seneca,1
veggie,1
playground,1
transit,1
tylenol,1
elrond,1
stinkin'bugger,1
fandango,1
vantablack,1
inhaler,1
comic_strip,1
baldness,1
crucifix,1
dvr,1
saiyan,1
gramp,1
gandalf,1
shore,1
stevie,1
ooooooooooonnnnnnnnnnneeeeeeeeeeeee,1
granny,1
adultney,1
bishop,1
pull,1
violinist,1
noe,1
cdc,1
chile,1
hobese,1
t'adore,1
manitoba,1
vanilli,1
dreadlock,1
eugenic,1
remix,1
farmers'market,1
dateline,1
kunis,1
wail,1
yos,1
elvis,1
wind-,1
autofellatio,1
monitor,1
cartel,1
co2,1
wasabi,1
tributary,1
say'oh,1
diffence,1
influencer,1
yule,1
douchebag,1
keemstar,1
redemption,1
reassurance,1
bah,1
greh,1
loltard,1
pipe,1
nbc,1
lyric,1
kkkpop,1
sepp,1
cubicle,1
impotence,1
nguyen,1
termite,1
integrity,1
momentum,1
cpu,1
ance,1
metallurgist,1
istanbul,1
gryffindor,1
nebraska,1
bigfoot,1
heimilich,1
insulin,1
pteranodon,1
puchline,1
ariana,1
bot,1
freudian,1
273c,1
kidding'unless,1
terminotor,1
mugging,1
condescending,1
ion,1
navigation,1
volkswagen,1
synaesthesia,1
casting,1
exucutioner,1
bootstrap,1
word'plagiarism,1
harpsichord,1
trout,1
percussion,1
tele,1
robin,1
shake,1
lebanese,1
droopy,1
anzac,1
disappear,1
wrongdog,1
mixup,1
mill,1
bezos'wife,1
bran,1
amrak,1
quinoa,1
chrysanthemum,1
fcc,1
reproduction,1
henry,1
jooookkkkkeeeee,1
sext,1
woe,1
parasol,1
dissection,1
kamikaze,1
heero,1
dimension,1
larsony,1
possession,1
argue,1
category,1
hearse,1
mathbook,1
4chan,1
hologram,1
jklmnopqrst,1
n'beat,1
teabag,1
leisure,1
naughtyfication,1
proximity,1
despairado,1
soundcloud,1
paedophilia,1
perman,1
university,1
mercede,1
mcgregor,1
zumba,1
dent,1
estimate,1
speedboat,1
tyre,1
gendry,1
gig,1
mercy,1
archer,1
smiley,1
lab,1
photograph,1
daughteric,1
skyscraper,1
braden,1
nil,1
ninoooooooooooooooooo,1
denice,1
transaction,1
casper,1
lighten,1
abc,1
skull,1
nokia,1
parkway,1
snotzi,1
tranny,1
fini,1
tatthree,1
purifier,1
kilowatt,1
pitt,1
mascara,1
lebo,1
technicality,1
mecoffee,1
nana,1
nick,1
mudflap,1
freak,1
network,1
objection,1
dingleberrie,1
civilization,1
mean'you're'there,1
frito,1
all,1
jessica,1
demand,1
aloud,1
nutshell,1
sheet,1
mover,1
pay,1
cos0,1
nip,1
grater,1
waxing,1
litote,1
joanke,1
bullseye,1
ryder,1
ptt,1
vinegger,1
nard,1
hex,1
triplet,1
open,1
theft,1
beneficiary,1
powder,1
vespa,1
nanigan,1
seewead,1
emt,1
fairness,1
procreate,1
meant,1
goatee,1
outside,1
mansplainer,1
bark,1
weenie,1
yodelaehi,1
yes,1
waltz,1
themself,1
phaser,1
podiatrist,1
multiplcation,1
ejacul,1
breatharian,1
laos,1
omelet,1
russians,1
haiku,1
opposhit,1
synagogue,1
icescream,1
unfollower,1
insanity,1
chute,1
rattata,1
merchandise,1
barndoor,1
frickin'babe,1
snap,1
apu,1
i'follow'someone,1
payphone,1
dun,1
noir,1
housing,1
minus,1
log,1
porsche,1
form,1
geekyt,1
stapler,1
meteorite,1
junction,1
dunn,1
pack,1
burrrgh,1
antici,1
elfabet,1
reprint,1
trepanation,1
schroeder,1
turnip,1
gop,1
gulp,1
hairstylist,1
spa,1
argumentative,1
cello,1
uncouth,1
gaycist,1
tricycle,1
that's,1
rse,1
simulation,1
drag,1
gspot,1
lydia,1
nitroglycerine,1
suleimani,1
accounting,1
misplace,1
incense,1
seaworld,1
thermometer,1
qwertyui,1
sighren,1
hang,1
confrontation,1
flow,1
shawarma,1
overture,1
rash,1
islamist,1
jonse,1
democrat,1
cramp,1
papwreaksa,1
marty,1
nope,1
immortal,1
shank,1
tetraplegic,1
byslexia,1
warrant,1
stuttering,1
optimism,1
ludacris,1
gertrude,1
iday,1
supermodel,1
aua,1
forwards,1
trail,1
factor,1
ketchup,1
roadkill,1
graph,1
chalupa,1
denier,1
afterall,1
wale,1
earache,1
joooooooooooooooooooooooooooooooooooooooooooooooooooooooooooooooooooooooooooooooooooooooooooooooooooooooooooooooooooooooooooooooooooooooooooooke,1
dyslxeic,1
cootie,1
eternity,1
bluetooth,1
dodecahedron,1
newsweek,1
disintegration,1
megan,1
whoretxt,1
currant,1
theorem,1
ophthalmologist,1
recruiter,1
colorado,1
acredite,1
tubman,1
raiseist,1
homecoming,1
round,1
boyf,1
masochism,1
simon,1
jungle,1
bachelor'he,1
sol,1
movie'panic,1
artism,1
instinct,1
chline,1
ennui,1
kilosecond,1
oregano,1
craigslist,1
oath,1
touch,1
spell,1
shittyjokeexplainbot,1
spaniard,1
titantic,1
lumpia,1
escher,1
bend,1
rutabaga,1
untill,1
ority,1
washroom,1
foundation,1
boundary,1
televisiony,1
convertible,1
namast'ay,1
makeup,1
wig,1
pinot,1
malcolm,1
pair,1
jerusalem,1
hamburg,1
assassination,1
kirby,1
stallion,1
pavarotti,1
chill,1
millonaire,1
boeing,1
forfeiture,1
todd,1
songwriter,1
ralph,1
wordicism,1
flautist,1
nuance,1
fossil,1
jedis,1
sandwhich,1
concealer,1
mitsake,1
miss'em,1
insert,1
joseph,1
shermanfury,1
bigot,1
patch,1
tiramisu,1
wooooosh,1
lxix,1
rabbits'favorite,1
lederhosen,1
kids'napoleon,1
nelson,1
braclet,1
archaeologist,1
bilingual,1
creator,1
paleosporin,1
duterte,1
vaseline,1
sparta,1
protestant,1
turtleneck,1
hallucination,1
repellent,1
aight,1
bikinis,1
mistress,1
samoan,1
crossbow,1
word'even'in,1
sermon,1
millipede,1
outdoorsman,1
understatement,1
greatgrandfather,1
lynchburg,1
hypochondria,1
negativity,1
kraken,1
370hssv,1
all1,1
summit,1
kung,1
feature,1
pallbearer,1
timezone,1
tripe,1
ali,1
dove,1
globe,1
jesus'crossword,1
airbnb,1
tac,1
joooooooooooooooooooooooooooooooooooke,1
gandolfini,1
girls'headstones,1
rendezvous,1
cellfie,1
gettin,1
greenwich,1
pharao,1
antidepresant,1
confashion,1
poland,1
scientologist,1
texan,1
lifejacket,1
exaggerating,1
flop,1
extrovert,1
fum,1
shredder,1
buzz,1
fatatata,1
jamiroquai,1
runescape,1
laker,1
theater,1
quakeworld,1
bracket,1
gimkit,1
l'hospital,1
espn,1
imbecile,1
pop,1
cowculator,1
bayblade,1
switchitonanov,1
mccain,1
telemarketer,1
seaweed,1
pissbag,1
canon,1
joystick,1
molester,1
slur,1
purge,1
multiply,1
dontyouhateitwhenpeopledontusespace,1
jjjjjjjjjjjjjjoooooooookkkkkkkkkeeeeeeee,1
homeland,1
gynaecologist,1
aslut,1
menorah,1
ransom,1
miscarraige,1
peedophile,1
arrogant,1
official,1
brownie,1
geddit,1
apostrofee,1
ranger,1
goodwill,1
word'color,1
yay,1
stepmom,1
mug,1
speller,1
territory,1
plague,1
rasputin,1
cupcake,1
atlantis,1
baton,1
poodle,1
paranormal,1
bedsheet,1
veteran,1
litmus,1
guys-,1
lung,1
upbra,1
search,1
misunderstanding,1
racket,1
krusty,1
bein,1
vanessa,1
brexiteer,1
circumference,1
heating,1
dmv,1
suppository,1
vogue,1
adversity,1
jetpack,1
transjenner,1
anaesthesia,1
finance,1
sip,1
leprachaun,1
jokester,1
autoclave,1
phew,1
onety,1
cars'not,1
santeria,1
arbor,1
textbook,1
resolve,1
symptom,1
ipv4,1
friends'funeral,1
fiance,1
wasp,1
wildfire,1
niece,1
ayness,1
footprint,1
pavlov,1
septermber,1
chad,1
cops,1
hundredaire,1
connery,1
nargue,1
toothpick,1
contemplate,1
ligthswitch,1
japanese,1
halitosis,1
tupac,1
genus,1
nofap,1
dusty,1
bearillionaire,1
ethiopia,1
goodyeartm,1
plagiarist,1
lying,1
helix,1
killing,1
meebahole,1
maine,1
whole'i'concept,1
pell,1
nietzche,1
igloo,1
damn,1
lib'rul,1
servant,1
sushi'b'wasssabi,1
rudolph,1
blacker,1
vent,1
bustofabney,1
hippiecrite,1
fuse,1
goner,1
classic,1
suggestion,1
squat,1
neeson,1
arsonist,1
ps5,1
lyora,1
gander,1
hallowe'en,1
word'ew,1
alt,1
downtown,1
henhouse,1
earbud,1
beam,1
fuzz,1
outkast,1
lap,1
knouk,1
cheerio,1
corvid,1
jem,1
whiner,1
grower,1
wrestler,1
whitey,1
routine,1
relativism,1
borrantine,1
tampax,1
sinus,1
joake,1
landmine,1
flatulence,1
coagulation,1
worldnews,1
graphic,1
centaur,1
pffft,1
marceau,1
linux,1
megaphone,1
booking,1
bullion,1
lint,1
siemen,1
imodium,1
whoreplacedmyspacebarwithaclappingemojiineedtofinishmypaperstonightpleasehelpme,1
laurel,1
porpoise,1
somersault,1
thera,1
chancellor,1
willpower,1
arkensaw,1
shortbread,1
contract,1
barstool,1
scrooge,1
blueberry,1
joey,1
scholar,1
babushka,1
aunt,1
cherokee,1
cougar,1
johnny,1
rockmelon,1
un-4chan,1
boomarang,1
henna,1
individuality,1
autocarrot,1
blinkin,1
drawer,1
gelato,1
infant,1
schejuul,1
vortex,1
trouser,1
jesus'middle,1
mountaintop,1
shrugs,1
empathy,1
chinatown,1
howdeepisthepool,1
yahweh,1
munchie,1
identification,1
swear,1
pointe,1
klondike,1
ipsum,1
swine,1
cheesemaker,1
trigger,1
wap,1
proca,1
squidweed,1
apology,1
xyz,1
vsauce,1
basic,1
sober,1
spelled'tpyo,1
cataract,1
tmw,1
pro,1
munth,1
disguise,1
d'ya,1
tipple,1
interaction,1
6ix9ine,1
gull,1
2y-14,1
soprano,1
visualisation,1
highwayman,1
hahahaha,1
vatican,1
amphetamine,1
dab,1
buttfuckit,1
asparagus,1
burnham,1
outfitter,1
enigma,1
old,1
snigger,1
motherchip,1
geometrician,1
ssspp,1
congo,1
tmi,1
palpatine,1
tre,1
cleo,1
dynosaur,1
lifeboat,1
bye,1
itube,1
heumour,1
grownup,1
honeybee,1
seashell,1
of'in,1
platelet,1
hashtag,1
diharea,1
basis,1
ligo,1
eli101,1
enterprise,1
greeting,1
nerf,1
wiseman,1
ese,1
binge,1
oreck,1
ibuprofen,1
overpopulation,1
worrier,1
cocktail,1
films'titanic'and'the,1
airhorn,1
bieber,1
plagarism,1
golfing,1
origamis,1
1670,1
handbasket,1
dohc,1
gunshot,1
emotionless,1
toby,1
wordplay,1
base-10,1
iqs,1
banjo,1
ummmmmmmmmmmmmmmmmmmmmmmmm,1
jihad,1
plantation,1
offensive,1
of'isolate,1
birthquake,1
transphobia,1
narcisist,1
oral,1
antybodie,1
barrel,1
seabird,1
railfan,1
traveller,1
conditional,1
keystroke,1
stove,1
potter,1
ter,1
minnesota,1
examiner,1
meringue,1
tart,1
scammer,1
attacker,1
chihuahuas,1
station,1
fern,1
norris'pumpkin,1
surname,1
garlic,1
dirty,1
nostrildamus,1
woosh,1
chat,1
jehovah,1
tianmen,1
whomever,1
tldr,1
ghetto,1
sophophobia,1
spiral,1
iboat,1
candidacy,1
yelling,1
wisconsin,1
nam,1
nike,1
litter,1
pimp,1
slap,1
matrix,1
parallelogram,1
lonelier,1
dreams'lately,1
futurama,1
bandwagon,1
veterinarian,1
asinine,1
santorum,1
merry,1
azerbaijan,1
sasuke,1
naan,1
homophobic,1
bun,1
beaver,1
larry,1
vein,1
matryoshkas,1
lqo,1
testimony,1
dar,1
ornithology,1
onesie,1
frown,1
catfish,1
giga,1
sneezer,1
idiocy,1
leafblower,1
hiroshima,1
inertia,1
epistemophobia,1
cart,1
silencer,1
affogato,1
popsicle,1
limousine,1
jerker,1
dick'effort'i'll,1
duchess,1
cornea,1
dodge,1
to'2,1
cholesterol,1
shanghai,1
taserface,1
rigatoni,1
chauffeur,1
judgment,1
swordfight,1
descarte,1
suffocation,1
sen,1
waterflow,1
impaler,1
misconception,1
toogether,1
dandelion,1
mainstream,1
browsing,1
prate,1
arse,1
giggle,1
join'em,1
businessmyspace,1
waistline,1
dear,1
bullfight,1
homophobe,1
profession,1
earnhardt,1
giuliani,1
tab,1
dopey,1
hmmmmmm,1
psst,1
getting,1
massturbation,1
microbiologist,1
closed,1
blowhard,1
chimmney,1
selfishness,1
groannnnnn,1
wand,1
timin'four,1
mi6,1
parton,1
hippocrates'face,1
zucchini,1
snowboarder,1
tribe,1
guest,1
espanlol,1
database,1
ignorer,1
appearance,1
antonyms,1
masterbaiter,1
whatcha,1
wunderbar,1
ber,1
dipstick,1
can,1
purchase,1
otter,1
base-36,1
dumbbell,1
bandit,1
legume,1
afghan,1
inferiority,1
garde,1
matchbox,1
spread,1
stanley,1
awe,1
mah,1
pakistani,1
paw,1
crushes'pussy,1
tiresand,1
cave,1
disaproval,1
ironman,1
berg,1
francis,1
pterodactyls,1
carriage,1
whalrus,1
lloyd,1
rio,1
timeeee,1
burgler,1
spag,1
single,1
notch,1
hbgnk,1
hiest,1
nintendo,1
scrub,1
scandal,1
dirigible,1
sunbaking,1
lasik,1
yesterdai,1
veal,1
trafficker,1
fitness,1
preparation,1
mortgage,1
hanzo,1
destiny,1
scantron,1
considerate,1
freakout,1
manual,1
riser,1
adida,1
reputation,1
assmatic,1
bostonian,1
parenthesis,1
dictator'yesterday,1
5yo,1
corkscrew,1
phalanx,1
gmos,1
profit,1
prejudice,1
tragedy,1
letterman,1
wardrobe,1
lifting,1
burp,1
inactivist,1
nucleus,1
artilleryman,1
wishaniggawood,1
climber,1
battlefront,1
umpire,1
zygote,1
forearm,1
thai,1
iykyk,1
cking,1
winehouse,1
the'r'in,1
entrance,1
tootincommon,1
apricot,1
christ,1
cetera,1
usd,1
dumbo,1
skymall,1
hashbrown,1
segment,1
witness,1
comin,1
visa,1
tastebud,1
knick,1
garfield,1
rectangle,1
warfare,1
furry,1
person'award,1
white,1
canaball,1
morrocan,1
appendectomy,1
maybelline,1
hope,1
keto,1
gymnast,1
dinghy,1
ed,1
swallowing,1
xdxd,1
earpeace,1
confidence,1
grinder,1
undertaker,1
iminjaro,1
crucifixion,1
biking,1
django,1
tardis,1
rainstorm,1
southern,1
agpv0,1
congressman,1
hungarian,1
a'hair,1
gestapo,1
boop,1
tindernitis,1
tball,1
vivaldi,1
undead,1
truman,1
flick,1
barrymore,1
trumpism,1
motion,1
december,1
musketeer,1
dissension,1
waxed,1
mao,1
sparagus,1
litlle,1
dinosore,1
bitmoji,1
actuary,1
bronchitis,1
transylvania,1
vacum,1
scene,1
ma'am,1
equifax,1
dribble,1
romeo,1
inhumanity,1
drunkest,1
rastafarian,1
everyone,1
mourning,1
phi,1
faceapp,1
pace,1
elavator,1
sim,1
clitoris,1
guten,1
stovetop,1
jaun,1
delusion,1
nerve,1
guard,1
sochi,1
olympics,1
median,1
crutch,1
meatloaf,1
fam,1
wet,1
axl,1
hispanic,1
cinq,1
alaska,1
aaaggghhhhaaawwwwgghhhaagggg,1
i'llcheckyoulater,1
aarav,1
land,1
dceu,1
bras,1
tennessee,1
cindrella,1
omelette,1
bb8,1
menace,1
rider,1
coldplay,1
11q,1
banger,1
aquirium,1
libs,1
goimg,1
caps'lock'is,1
blender,1
waterboarding,1
fabric,1
prego,1
billion,1
scatophile,1
r1d1,1
skewer,1
seed,1
cailou,1
kitten,1
cornrow,1
requirement,1
bliss,1
arrangement,1
happyness,1
sweatpant,1
korean,1
sixoffender,1
intellect,1
congratnrnskakls,1
sonnuvvabitch,1
rapping,1
seoul,1
underoot,1
deafness,1
sarchasm,1
occident,1
refridgerator,1
route,1
mugshot,1
hearthstone,1
scotsman,1
know,1
ethiopians,1
labiaplasty,1
personalfinance,1
initiative,1
pupper,1
tenth,1
welsh,1
ode,1
gentrification,1
oooooooooonnnnnnnnnneeeeeeeeee,1
radiation,1
senority,1
mobile,1
brexitin5word,1
exacerbation,1
maxwell,1
lotus,1
rambo,1
cillin,1
relief,1
wookiee,1
estrogen,1
utah,1
comercial,1
pokie,1
brony,1
nintendog,1
bunnyprofessor,1
sec,1
kayak,1
threeposter,1
subaru,1
sumo,1
combinatorialist,1
to'p,1
abortionee,1
t'challa,1
jihadi,1
germoney,1
rehab,1
smog,1
primate,1
gin,1
pfft,1
frosty,1
scorerer,1
ewww,1
rim,1
herring,1
cameron,1
doo,1
grandad,1
marathong,1
amumu,1
colt,1
moisturizer,1
psychoanalyst,1
cadillac,1
gag,1
sewage,1
twenny,1
definatley,1
nipple,1
bition,1
inspiration,1
vestiphobic,1
alloy,1
roseanne,1
automonerator,1
wlkom,1
champion,1
spell'congrajulasion,1
fcuk,1
nonutnovember,1
ruinan80ssong,1
gap,1
jejunum,1
prideday,1
circumsision,1
deathmatch,1
celibacy,1
detention,1
analysis,1
gekko,1
parakeet,1
physiotherapy,1
synthesizer,1
supermarket,1
dictatorship,1
nibber,1
italians,1
cryptocurrency,1
career,1
polaroid,1
gumbs'password,1
mintue,1
readme,1
iii,1
creationist,1
neinicant,1
insul'in,1
angst,1
weatherman,1
bladder,1
gg3rs,1
glare,1
kennedy,1
word'superfluous'get,1
scarface,1
sheeran,1
diddy,1
grouchy,1
fitbit,1
segway,1
braincel,1
malware,1
tence,1
ponytail,1
deepend,1
gump,1
pharaohs,1
candlejack,1
carrion,1
yesvember,1
underpant,1
the'r'in'me'stand,1
ababbaaaabbabbbbabababababbbaaabababbabaaaba,1
fungi,1
piggy,1
gesundheit,1
quiz,1
kate,1
digestion,1
yodela,1
masterpiece,1
followup,1
cheat,1
goatman,1
vulnerability,1
hahahahaahaa,1
claim,1
repostitory,1
swordsmanship,1
gonorrhea,1
peodophile,1
earbuds,1
nieghbor,1
funchline,1
highlighter,1
meantime,1
mcgregorie,1
can't,1
buttock,1
foxygen,1
satisfaction,1
machete,1
earrape,1
nemo,1
ellen,1
autopsy,1
hooraid,1
dui,1
randnsfw,1
bukake,1
arrest,1
lube,1
spiderman,1
resource,1
comm,1
repercussion,1
agenda,1
amoxicillin,1
mar10,1
heliumm,1
pomegranate,1
ghb,1
projector,1
yeast,1
mister,1
hobbitat,1
aspect,1
deadass,1
mathematicians,1
vader,1
principle,1
2016,1
nicotine,1
luekae,1
biopsy,1
oooooooooooooooooooooooooooooooooooooooooooooonnnnnnnnnnnnnnnnnnnnnnnnnnnnnnnnnnnnnnnnnnneeeeeeeeeeeeeeeeeeeeeeeeeeeeeeeeeeeeee,1
training,1
hypocritcalpotamus,1
watching,1
sleeping,1
balltaire,1
cloid,1
panhandler,1
bumbaclot,1
fenny,1
participle,1
twix,1
conservative,1
fonzie,1
wright,1
lsd,1
dana,1
theme,1
irma,1
classmate,1
galactus,1
sherman,1
wage,1
mollusc,1
constantine,1
min,1
saddle,1
nav,1
cthulu,1
straightproblem,1
bingo,1
aaron,1
niggas,1
wfay,1
puritan,1
backyard,1
passersby,1
baseman,1
copyright,1
carseat,1
bedbug,1
finish,1
agriculture,1
joulepersecond,1
granddad,1
sith,1
boatload,1
dungeon,1
pichulamono123,1
alexa,1
earplug,1
digiorno,1
dalmation,1
summary,1
satis,1
saudi,1
mor,1
gain,1
antivax,1
somone,1
corporation,1
deceit,1
tuna,1
scent,1
running,1
forum,1
counseling,1
bartholomew,1
soju,1
disciple,1
ferrari,1
tutu,1
humanitarian,1
impersonation,1
label,1
barometer,1
steve,1
vaxer,1
hungary,1
patient,1
compilation,1
the'new'tab,1
gofundme,1
10,1
wether,1
borderland,1
eyez,1
stalgia,1
betra,1
andromeda,1
correction,1
william,1
hairline,1
bangkok,1
mandate,1
pnis,1
chase,1
legless,1
positivity,1
preservative,1
gnome,1
diplomat,1
namast,1
cone,1
slide,1
