tag,count
man,25595
woman,17709
friend,17585
wife,15479
difference,15429
girlfriend,11882
girl,10631
doctor,10609
dad,10193
year,7924
bar,7023
dog,6541
night,6531
bartender,6530
sex,5921
person,5825
husband,5622
teacher,5469
life,5081
chicken,5031
kid,4989
father,4980
son,4848
school,4685
house,4651
baby,4629
world,4605
trump,4564
mother,4399
child,4356
car,4240
morning,4159
word,3929
yesterday,3879
water,3791
christmas,3785
daughter,3728
hand,3704
problem,3611
jesus,3532
mom,3488
shit,3469
priest,3362
phone,3352
number,3292
money,3286
horse,3264
boy,3246
family,3227
police,3224
parent,3152
president,3083
brother,3065
donald,3060
restaurant,3023
dick,3008
toilet,2999
cat,2962
coffee,2957
road,2933
question,2921
movie,2920
minute,2905
door,2904
tree,2853
pirate,2826
head,2802
god,2772
penis,2765
lightbulb,2732
fish,2706
sister,2657
job,2648
lady,2642
food,2640
eye,2630
leg,2623
cow,2604
hitler,2551
knock,2546
kind,2536
letter,2527
drink,2524
party,2516
bathroom,2495
store,2449
reddit,2444
driver,2409
beer,2394
computer,2360
elephant,2342
birthday,2337
work,2331
officer,2328
country,2307
place,2302
street,2302
student,2292
dollar,2286
dinner,2238
